split0_test_tn,split1_test_tn,split2_test_tn,split3_test_tn,split4_test_tn,split0_train_tn,split1_train_tn,split2_train_tn,split3_train_tn,split4_train_tn,split0_test_fp,split1_test_fp,split2_test_fp,split3_test_fp,split4_test_fp,split0_train_fp,split1_train_fp,split2_train_fp,split3_train_fp,split4_train_fp,split0_test_fn,split1_test_fn,split2_test_fn,split3_test_fn,split4_test_fn,split0_train_fn,split1_train_fn,split2_train_fn,split3_train_fn,split4_train_fn,split0_test_tp,split1_test_tp,split2_test_tp,split3_test_tp,split4_test_tp,split0_train_tp,split1_train_tp,split2_train_tp,split3_train_tp,split4_train_tp,split0_test_f1,split1_test_f1,split2_test_f1,split3_test_f1,split4_test_f1,split0_train_f1,split1_train_f1,split2_train_f1,split3_train_f1,split4_train_f1,split0_test_accuracy,split1_test_accuracy,split2_test_accuracy,split3_test_accuracy,split4_test_accuracy,split0_train_accuracy,split1_train_accuracy,split2_train_accuracy,split3_train_accuracy,split4_train_accuracy,params,cls_method,od_method,mvi_method,fs_method,os_method,mean_test_f1
887.0,837.0,1001.0,866.0,707.0,3391.0,3483.0,3355.0,3485.0,3595.0,57.0,29.0,32.0,32.0,32.0,145.0,131.0,92.0,97.0,146.0,48.0,40.0,42.0,40.0,34.0,62.0,74.0,76.0,78.0,74.0,18.0,13.0,17.0,12.0,9.0,145.0,146.0,138.0,143.0,156.0,0.2553191489361702,0.2736842105263158,0.31481481481481477,0.24999999999999994,0.2142857142857143,0.5835010060362174,0.5875251509054327,0.6216216216216217,0.6203904555314533,0.5864661654135337,0.8960396039603961,0.9249183895538629,0.9322344322344323,0.9242105263157895,0.9156010230179028,0.944696767298958,0.9465310380803339,0.9541108986615678,0.9539836970812516,0.9445983379501385,"{'cls__criterion': 'gini', 'cls__max_depth': 14, 'cls__max_features': 'log2', 'cls__n_estimators': 100, 'cls__random_state': 42, 'os__random_state': 42}",rf,none,simple,none,smote,0.26162077771260306
826.0,773.0,931.0,780.0,663.0,3142.0,3135.0,3019.0,3192.0,3291.0,118.0,93.0,102.0,118.0,76.0,394.0,479.0,428.0,390.0,450.0,41.0,31.0,29.0,27.0,30.0,30.0,38.0,37.0,41.0,35.0,25.0,22.0,30.0,25.0,13.0,177.0,182.0,177.0,180.0,195.0,0.23923444976076558,0.2619047619047619,0.3141361256544502,0.2564102564102564,0.19696969696969696,0.45501285347043696,0.41316685584563,0.43223443223443225,0.4551201011378003,0.44571428571428573,0.8425742574257425,0.8650707290533188,0.88003663003663,0.8473684210526315,0.8644501278772379,0.8867218808442426,0.8651538862806468,0.8729855230811254,0.8866684196686826,0.8778645177537144,"{'cls__hidden_layer_sizes': (100, 100, 100), 'cls__learning_rate': 'adaptive', 'cls__learning_rate_init': 1e-05, 'cls__max_iter': 1000, 'cls__n_iter_no_change': 5, 'cls__random_state': 42, 'os__random_state': 42}",mlp,none,simple,standard,smote,0.2537310581399862
873.0,825.0,976.0,848.0,700.0,3293.0,3384.0,3247.0,3408.0,3468.0,71.0,41.0,57.0,50.0,39.0,243.0,230.0,200.0,174.0,273.0,46.0,40.0,39.0,38.0,33.0,80.0,83.0,80.0,91.0,81.0,20.0,13.0,20.0,14.0,10.0,127.0,137.0,134.0,130.0,149.0,0.25477707006369427,0.24299065420560748,0.2941176470588235,0.2413793103448276,0.21739130434782608,0.44020797227036396,0.4667802385008518,0.48905109489051096,0.49523809523809526,0.4570552147239264,0.8841584158415842,0.911860718171926,0.9120879120879121,0.9073684210526316,0.907928388746803,0.9137055837563451,0.9183620239958268,0.9235181644359465,0.9303181698658953,0.910853689247041,"{'cls__criterion': 'gini', 'cls__max_depth': 10, 'cls__max_features': 'log2', 'cls__n_estimators': 100, 'cls__random_state': 42, 'os__random_state': 42}",rf,none,simple,none,smote,0.2501311972041558
890.0,835.0,998.0,864.0,707.0,3389.0,3472.0,3357.0,3475.0,3609.0,54.0,31.0,35.0,34.0,32.0,147.0,142.0,90.0,107.0,132.0,49.0,41.0,43.0,40.0,34.0,69.0,78.0,80.0,78.0,75.0,17.0,12.0,16.0,12.0,9.0,138.0,142.0,134.0,143.0,155.0,0.2481751824817518,0.25,0.2909090909090909,0.24489795918367346,0.2142857142857143,0.5609756097560975,0.5634920634920635,0.6118721461187215,0.6072186836518046,0.5996131528046421,0.898019801980198,0.9216539717083787,0.9285714285714286,0.9221052631578948,0.9156010230179028,0.9422922789206519,0.9426186750130412,0.9535645998361103,0.9513541940573231,0.9478720725258122,"{'cls__criterion': 'entropy', 'cls__max_depth': 14, 'cls__max_features': 'log2', 'cls__n_estimators': 100, 'cls__random_state': 42, 'os__random_state': 42}",rf,none,simple,none,smote,0.2496535893720461
868.0,832.0,986.0,844.0,699.0,3278.0,3405.0,3279.0,3406.0,3464.0,76.0,34.0,47.0,54.0,40.0,258.0,209.0,168.0,176.0,277.0,47.0,40.0,41.0,38.0,33.0,77.0,83.0,81.0,92.0,80.0,19.0,13.0,18.0,14.0,10.0,130.0,137.0,133.0,129.0,150.0,0.23602484472049692,0.26,0.29032258064516137,0.23333333333333334,0.2150537634408602,0.43697478991596633,0.48409893992932856,0.5165048543689321,0.4904942965779468,0.4566210045662101,0.8782178217821782,0.9194776931447225,0.9194139194139194,0.9031578947368422,0.9066496163682864,0.9104995992519369,0.9238393322900366,0.9319857962305381,0.9295293189587168,0.9100982120372703,"{'cls__criterion': 'gini', 'cls__max_depth': 10, 'cls__max_features': 'log2', 'cls__n_estimators': 200, 'cls__random_state': 42, 'os__random_state': 42}",rf,none,simple,none,smote,0.24694690442797035
883.0,831.0,991.0,854.0,705.0,3344.0,3437.0,3317.0,3429.0,3566.0,61.0,35.0,42.0,44.0,34.0,192.0,177.0,130.0,153.0,175.0,48.0,42.0,44.0,37.0,33.0,72.0,81.0,76.0,84.0,89.0,18.0,11.0,15.0,15.0,10.0,135.0,139.0,138.0,137.0,141.0,0.2482758620689655,0.22222222222222224,0.25862068965517243,0.27027027027027023,0.22988505747126436,0.5056179775280899,0.5186567164179103,0.5726141078838174,0.5362035225048923,0.5164835164835164,0.8920792079207921,0.9162132752992383,0.9212454212454212,0.9147368421052632,0.9143222506393862,0.929468340903019,0.9327073552425665,0.9437312209778749,0.9376807783328951,0.9335180055401662,"{'cls__criterion': 'entropy', 'cls__max_depth': 12, 'cls__max_features': 'log2', 'cls__n_estimators': 100, 'cls__random_state': 42, 'os__random_state': 42}",rf,none,simple,none,smote,0.24585482033757894
808.0,739.0,906.0,733.0,654.0,3023.0,3025.0,2914.0,3085.0,3187.0,136.0,127.0,127.0,165.0,85.0,513.0,589.0,533.0,497.0,554.0,41.0,26.0,25.0,24.0,28.0,32.0,34.0,34.0,39.0,41.0,25.0,27.0,34.0,28.0,15.0,175.0,186.0,180.0,182.0,189.0,0.22026431718061673,0.2608695652173913,0.3090909090909091,0.2285714285714286,0.20979020979020982,0.39106145251396646,0.37386934673366834,0.3883495145631068,0.4044444444444445,0.3884892086330935,0.8247524752475247,0.8335146898803046,0.8608058608058609,0.8010526315789473,0.8554987212276215,0.8543948704247929,0.8375065206051121,0.8451242829827916,0.8590586379174336,0.8501636867287837,"{'cls__hidden_layer_sizes': (100, 100), 'cls__learning_rate': 'adaptive', 'cls__learning_rate_init': 1e-05, 'cls__max_iter': 1000, 'cls__n_iter_no_change': 5, 'cls__random_state': 42, 'os__random_state': 42}",mlp,none,simple,standard,smote,0.2457172859701111
886.0,832.0,996.0,856.0,711.0,3365.0,3447.0,3341.0,3444.0,3565.0,58.0,34.0,37.0,42.0,28.0,171.0,167.0,106.0,138.0,176.0,47.0,41.0,43.0,41.0,34.0,73.0,79.0,84.0,86.0,81.0,19.0,12.0,16.0,11.0,9.0,134.0,141.0,130.0,135.0,149.0,0.26573426573426573,0.2424242424242424,0.2857142857142857,0.20952380952380956,0.225,0.5234374999999999,0.5340909090909091,0.5777777777777777,0.5465587044534413,0.5369369369369369,0.8960396039603961,0.9183895538628944,0.9267399267399268,0.9126315789473685,0.9207161125319693,0.934811648410366,0.9358372456964006,0.948101611581535,0.9410991322640021,0.9352807856962981,"{'cls__criterion': 'gini', 'cls__max_depth': 12, 'cls__max_features': 'log2', 'cls__n_estimators': 200, 'cls__random_state': 42, 'os__random_state': 42}",rf,none,simple,none,smote,0.2456793206793207
888.0,837.0,996.0,867.0,708.0,3383.0,3475.0,3353.0,3487.0,3597.0,56.0,29.0,37.0,31.0,31.0,153.0,139.0,94.0,95.0,144.0,48.0,42.0,42.0,41.0,35.0,65.0,81.0,83.0,80.0,77.0,18.0,11.0,17.0,11.0,8.0,142.0,139.0,131.0,141.0,153.0,0.2571428571428572,0.23655913978494625,0.3008849557522124,0.2340425531914894,0.1951219512195122,0.5657370517928287,0.5582329317269077,0.5968109339407744,0.6170678336980306,0.5806451612903226,0.897029702970297,0.9227421109902068,0.9276556776556777,0.9242105263157895,0.9156010230179028,0.9417579481699172,0.9426186750130412,0.951652553947009,0.9539836970812516,0.9443465122135483,"{'cls__criterion': 'entropy', 'cls__max_depth': 14, 'cls__max_features': 'log2', 'cls__n_estimators': 200, 'cls__random_state': 42, 'os__random_state': 42}",rf,none,simple,none,smote,0.24475029141820345
834.0,804.0,951.0,839.0,691.0,3160.0,3255.0,3191.0,3359.0,3399.0,110.0,62.0,82.0,59.0,48.0,376.0,359.0,256.0,223.0,342.0,42.0,40.0,33.0,36.0,32.0,71.0,86.0,77.0,99.0,91.0,24.0,13.0,26.0,16.0,11.0,136.0,134.0,137.0,122.0,139.0,0.24,0.203125,0.31137724550898205,0.2519685039370079,0.21568627450980393,0.37830319888734354,0.37587657784011225,0.4514003294892916,0.43109540636042404,0.39099859353023914,0.8495049504950495,0.8890097932535365,0.8946886446886447,0.9,0.8976982097186701,0.8805770772107935,0.8839332290036516,0.909041245561322,0.915330002629503,0.8909594560564089,"{'cls__criterion': 'gini', 'cls__max_depth': 8, 'cls__max_features': 'log2', 'cls__n_estimators': 100, 'cls__random_state': 42, 'os__random_state': 42}",rf,none,simple,none,smote,0.2444314047911588
866.0,824.0,975.0,837.0,703.0,3248.0,3349.0,3229.0,3368.0,3489.0,78.0,42.0,58.0,61.0,36.0,288.0,265.0,218.0,214.0,252.0,48.0,39.0,41.0,36.0,33.0,73.0,84.0,83.0,93.0,87.0,18.0,14.0,18.0,16.0,10.0,134.0,136.0,131.0,128.0,143.0,0.2222222222222222,0.25688073394495414,0.26666666666666666,0.248062015503876,0.2247191011235955,0.42607313195548485,0.4380032206119163,0.46536412078152756,0.45470692717584366,0.4576,0.8752475247524752,0.911860718171926,0.9093406593406593,0.8978947368421053,0.9117647058823529,0.9035532994923858,0.9089723526343245,0.9177820267686424,0.9192742571653958,0.9146310752958953,"{'cls__criterion': 'entropy', 'cls__max_depth': 10, 'cls__max_features': 'log2', 'cls__n_estimators': 100, 'cls__random_state': 42, 'os__random_state': 42}",rf,none,simple,none,smote,0.2437101478922629
885.0,829.0,995.0,855.0,709.0,3339.0,3442.0,3332.0,3437.0,3559.0,59.0,37.0,38.0,43.0,30.0,197.0,172.0,115.0,145.0,182.0,49.0,41.0,42.0,40.0,34.0,68.0,81.0,85.0,87.0,85.0,17.0,12.0,17.0,12.0,9.0,139.0,139.0,129.0,134.0,145.0,0.23943661971830985,0.23529411764705882,0.2982456140350877,0.22429906542056074,0.21951219512195125,0.5119705340699815,0.5235404896421846,0.5633187772925764,0.5359999999999999,0.5206463195691203,0.8930693069306931,0.9151251360174102,0.9267399267399268,0.9126315789473685,0.9181585677749361,0.9292011755276516,0.9340114762649974,0.9453701174542475,0.9389955298448593,0.9327625283303954,"{'cls__criterion': 'entropy', 'cls__max_depth': 12, 'cls__max_features': 'log2', 'cls__n_estimators': 200, 'cls__random_state': 42, 'os__random_state': 42}",rf,none,simple,none,smote,0.24335752238859368
891.0,838.0,1003.0,866.0,708.0,3400.0,3486.0,3366.0,3485.0,3587.0,53.0,28.0,30.0,32.0,31.0,136.0,128.0,81.0,97.0,154.0,51.0,42.0,43.0,40.0,35.0,67.0,77.0,81.0,75.0,73.0,15.0,11.0,16.0,12.0,8.0,140.0,143.0,133.0,146.0,157.0,0.22388059701492535,0.2391304347826087,0.3047619047619048,0.24999999999999994,0.1951219512195122,0.5797101449275364,0.5824847250509164,0.6214953271028038,0.6293103448275862,0.5804066543438077,0.897029702970297,0.9238302502720348,0.9331501831501832,0.9242105263157895,0.9156010230179028,0.9457654288004275,0.9465310380803339,0.9557497951379404,0.9547725479884301,0.9428355577940065,"{'cls__criterion': 'gini', 'cls__max_depth': 14, 'cls__max_features': 'log2', 'cls__n_estimators': 200, 'cls__random_state': 42, 'os__random_state': 42}",rf,none,simple,none,smote,0.2425789775557902
826.0,785.0,969.0,835.0,675.0,3088.0,3215.0,3166.0,3312.0,3209.0,118.0,81.0,64.0,63.0,64.0,448.0,399.0,281.0,270.0,532.0,45.0,36.0,34.0,35.0,32.0,77.0,85.0,84.0,97.0,90.0,21.0,17.0,25.0,17.0,11.0,130.0,135.0,130.0,124.0,140.0,0.2048780487804878,0.22516556291390727,0.33783783783783783,0.2575757575757576,0.18644067796610173,0.3312101910828026,0.35809018567639256,0.416,0.40325203252032515,0.31042128603104213,0.8386138613861386,0.8726877040261154,0.9102564102564102,0.8968421052631579,0.8772378516624041,0.85973817793214,0.8737610850286907,0.9003004643540017,0.9034972390218249,0.8433643918408461,"{'cls__criterion': 'entropy', 'cls__max_depth': 8, 'cls__max_features': 'log2', 'cls__n_estimators': 100, 'cls__random_state': 42, 'os__random_state': 42}",rf,none,simple,none,smote,0.24237957701481844
891.0,831.0,993.0,859.0,708.0,3373.0,3453.0,3335.0,3450.0,3577.0,53.0,35.0,40.0,39.0,31.0,163.0,161.0,112.0,132.0,164.0,47.0,42.0,43.0,41.0,34.0,73.0,81.0,79.0,86.0,82.0,19.0,11.0,16.0,11.0,9.0,134.0,139.0,135.0,135.0,148.0,0.2753623188405797,0.22222222222222224,0.27826086956521734,0.2156862745098039,0.21686746987951808,0.5317460317460317,0.5346153846153846,0.5856832971800434,0.5532786885245902,0.5461254612546125,0.900990099009901,0.9162132752992383,0.923992673992674,0.9157894736842105,0.9168797953964194,0.9369489714133048,0.9368805425143454,0.9478284621688063,0.9426768340783592,0.9380508687987912,"{'cls__criterion': 'gini', 'cls__max_depth': 12, 'cls__max_features': 'log2', 'cls__n_estimators': 100, 'cls__random_state': 42, 'os__random_state': 42}",rf,none,simple,none,smote,0.24167983100346824
875.0,796.0,973.0,819.0,679.0,3302.0,3251.0,3241.0,3290.0,3387.0,69.0,70.0,60.0,79.0,60.0,234.0,363.0,206.0,292.0,354.0,48.0,35.0,40.0,34.0,32.0,55.0,46.0,63.0,40.0,39.0,18.0,18.0,19.0,18.0,11.0,152.0,174.0,151.0,181.0,191.0,0.23529411764705882,0.25531914893617025,0.2753623188405797,0.2416107382550336,0.19298245614035084,0.5126475548060708,0.45970937912813736,0.5288966725043782,0.521613832853026,0.49290322580645163,0.8841584158415842,0.8857453754080522,0.9084249084249084,0.8810526315789474,0.8823529411764706,0.9227892065188351,0.8933229003651539,0.9265228079759629,0.9127004996055745,0.9010324855200201,"{'cls__hidden_layer_sizes': (100, 100, 100), 'cls__learning_rate': 'adaptive', 'cls__learning_rate_init': 0.0001, 'cls__max_iter': 1000, 'cls__n_iter_no_change': 5, 'cls__random_state': 42, 'os__random_state': 42}",mlp,none,simple,standard,smote,0.24011375596383866
871.0,826.0,985.0,843.0,698.0,3271.0,3361.0,3266.0,3388.0,3451.0,73.0,40.0,48.0,55.0,41.0,265.0,253.0,181.0,194.0,290.0,47.0,42.0,41.0,37.0,33.0,77.0,83.0,85.0,96.0,79.0,19.0,11.0,18.0,15.0,10.0,130.0,137.0,129.0,125.0,151.0,0.24050632911392408,0.21153846153846154,0.288,0.24590163934426226,0.2127659574468085,0.4318936877076412,0.4491803278688524,0.49236641221374045,0.462962962962963,0.4500745156482861,0.8811881188118812,0.9107725788900979,0.9184981684981685,0.9031578947368422,0.9053708439897699,0.9086294416243654,0.9123630672926447,0.9273422562141491,0.9237444123060742,0.9070763031981869,"{'cls__criterion': 'entropy', 'cls__max_depth': 10, 'cls__max_features': 'log2', 'cls__n_estimators': 200, 'cls__random_state': 42, 'os__random_state': 42}",rf,none,simple,none,smote,0.2397424774886913
859.0,793.0,949.0,785.0,683.0,3240.0,3259.0,3161.0,3236.0,3459.0,85.0,73.0,84.0,113.0,56.0,296.0,355.0,286.0,346.0,282.0,43.0,36.0,35.0,34.0,32.0,42.0,44.0,57.0,41.0,55.0,23.0,17.0,24.0,18.0,11.0,165.0,176.0,157.0,180.0,175.0,0.2643678160919541,0.2377622377622378,0.2874251497005988,0.19672131147540983,0.19999999999999998,0.4940119760479042,0.4687083888149134,0.47792998477929993,0.4819277108433735,0.5094614264919942,0.8732673267326733,0.8813928182807399,0.8910256410256411,0.8452631578947368,0.887468030690537,0.9096981031258349,0.8959311424100157,0.9063097514340345,0.8982382329739679,0.9151347267690758,"{'cls__hidden_layer_sizes': (100, 100), 'cls__learning_rate': 'adaptive', 'cls__learning_rate_init': 0.001, 'cls__max_iter': 1000, 'cls__n_iter_no_change': 5, 'cls__random_state': 42, 'os__random_state': 42}",mlp,none,simple,standard,smote,0.23725530300604009
818.0,794.0,938.0,826.0,682.0,3183.0,3332.0,3075.0,3329.0,3398.0,126.0,72.0,95.0,72.0,57.0,353.0,282.0,372.0,253.0,343.0,40.0,37.0,29.0,38.0,33.0,32.0,56.0,34.0,57.0,44.0,26.0,16.0,30.0,14.0,10.0,175.0,164.0,180.0,164.0,186.0,0.23853211009174313,0.22695035460992907,0.32608695652173914,0.2028985507246377,0.18181818181818182,0.4761904761904762,0.4924924924924925,0.4699738903394256,0.5141065830721003,0.4901185770750988,0.8356435643564356,0.8813928182807399,0.8864468864468864,0.8842105263157894,0.8849104859335039,0.8971413304835694,0.9118414188836724,0.8891013384321224,0.9184854062582172,0.9025434399395619,"{'cls__hidden_layer_sizes': (100, 100), 'cls__learning_rate': 'adaptive', 'cls__learning_rate_init': 0.0001, 'cls__max_iter': 1000, 'cls__n_iter_no_change': 5, 'cls__random_state': 42, 'os__random_state': 42}",mlp,none,simple,standard,smote,0.23525723075324617
810.0,769.0,934.0,781.0,664.0,3127.0,3115.0,3045.0,3198.0,3252.0,134.0,97.0,99.0,117.0,75.0,409.0,499.0,402.0,384.0,489.0,41.0,31.0,31.0,29.0,34.0,30.0,34.0,37.0,37.0,32.0,25.0,22.0,28.0,23.0,9.0,177.0,186.0,177.0,184.0,198.0,0.22222222222222224,0.2558139534883721,0.3010752688172043,0.23958333333333331,0.14173228346456693,0.44640605296343,0.4110497237569061,0.44640605296342994,0.4664131812420786,0.4318429661941113,0.8267326732673267,0.8607181719260065,0.8809523809523809,0.8463157894736842,0.860613810741688,0.8827144002137323,0.860980699008868,0.8800874078120732,0.8892979226926111,0.8687987912364644,"{'cls__hidden_layer_sizes': (100,), 'cls__learning_rate': 'adaptive', 'cls__learning_rate_init': 0.0001, 'cls__max_iter': 1000, 'cls__n_iter_no_change': 5, 'cls__random_state': 42, 'os__random_state': 42}",mlp,none,simple,standard,smote,0.23208541226513976
818.0,766.0,905.0,748.0,650.0,3076.0,3074.0,2961.0,3100.0,3152.0,126.0,100.0,128.0,150.0,89.0,460.0,540.0,486.0,482.0,589.0,40.0,32.0,32.0,24.0,30.0,44.0,46.0,42.0,47.0,42.0,26.0,21.0,27.0,28.0,13.0,163.0,174.0,172.0,174.0,188.0,0.23853211009174313,0.24137931034482762,0.2523364485981308,0.24347826086956517,0.17931034482758618,0.39277108433734936,0.3725910064239829,0.39449541284403666,0.39680729760547323,0.37338629592850053,0.8356435643564356,0.8563656147986942,0.8534798534798534,0.8168421052631579,0.8478260869565217,0.8653486508148543,0.8471570161711007,0.8557771100792133,0.8608992900341835,0.8410979602115336,"{'cls__hidden_layer_sizes': (100, 100, 100), 'cls__learning_rate': 'adaptive', 'cls__learning_rate_init': 1e-05, 'cls__max_iter': 1000, 'cls__n_iter_no_change': 5, 'cls__random_state': 42, 'os__random_state': 42}",mlp,none,simple,minmax,smote,0.23100729494637057
861.0,826.0,962.0,779.0,675.0,3209.0,3382.0,3173.0,3146.0,3389.0,83.0,40.0,71.0,119.0,64.0,327.0,232.0,274.0,436.0,352.0,49.0,41.0,37.0,29.0,32.0,33.0,63.0,53.0,28.0,31.0,17.0,12.0,22.0,23.0,11.0,174.0,157.0,161.0,193.0,199.0,0.20481927710843373,0.22857142857142856,0.2894736842105263,0.23711340206185566,0.18644067796610173,0.4915254237288136,0.5155993431855501,0.49614791987673346,0.45411764705882357,0.5096030729833547,0.8693069306930693,0.911860718171926,0.9010989010989011,0.8442105263157895,0.8772378516624041,0.9038204648677531,0.923056859676578,0.9106801420376947,0.8779910596897187,0.903550742885923,"{'cls__hidden_layer_sizes': (100, 100, 100), 'cls__learning_rate': 'adaptive', 'cls__learning_rate_init': 0.001, 'cls__max_iter': 1000, 'cls__n_iter_no_change': 5, 'cls__random_state': 42, 'os__random_state': 42}",mlp,none,simple,standard,smote,0.22928369398366918
827.0,776.0,957.0,840.0,674.0,3138.0,3184.0,3147.0,3373.0,3414.0,117.0,90.0,76.0,58.0,65.0,398.0,430.0,300.0,209.0,327.0,41.0,34.0,35.0,39.0,34.0,24.0,34.0,50.0,68.0,49.0,25.0,19.0,24.0,13.0,9.0,183.0,186.0,164.0,153.0,181.0,0.2403846153846154,0.23456790123456792,0.3018867924528302,0.21138211382113822,0.15384615384615385,0.46446700507614214,0.44497607655502397,0.4837758112094395,0.5248713550600344,0.4905149051490515,0.8435643564356435,0.8650707290533188,0.8983516483516484,0.8978947368421053,0.8734015345268542,0.8872562115949773,0.8789775691184142,0.904397705544933,0.9271627662371812,0.9053135230420549,"{'cls__hidden_layer_sizes': (100,), 'cls__learning_rate': 'adaptive', 'cls__learning_rate_init': 0.001, 'cls__max_iter': 1000, 'cls__n_iter_no_change': 5, 'cls__random_state': 42, 'os__random_state': 42}",mlp,none,simple,standard,smote,0.2284135153478611
838.0,801.0,975.0,835.0,692.0,3134.0,3248.0,3205.0,3338.0,3371.0,106.0,65.0,58.0,63.0,47.0,402.0,366.0,242.0,244.0,370.0,44.0,41.0,41.0,36.0,32.0,72.0,84.0,81.0,101.0,91.0,22.0,12.0,18.0,16.0,11.0,135.0,136.0,133.0,120.0,139.0,0.22680412371134023,0.1846153846153846,0.26666666666666666,0.24427480916030536,0.21782178217821782,0.3629032258064516,0.3767313019390581,0.45161290322580644,0.4102564102564102,0.3761840324763194,0.8514851485148515,0.8846572361262242,0.9093406593406593,0.8957894736842106,0.8989769820971867,0.873363612075875,0.8826291079812206,0.9117727396886097,0.9092821456744675,0.8839083354318812,"{'cls__criterion': 'gini', 'cls__max_depth': 8, 'cls__max_features': 'log2', 'cls__n_estimators': 200, 'cls__random_state': 42, 'os__random_state': 42}",rf,none,simple,none,smote,0.22803655326638292
818.0,769.0,895.0,771.0,639.0,3019.0,3054.0,2919.0,3127.0,3138.0,126.0,97.0,138.0,127.0,100.0,517.0,560.0,528.0,455.0,603.0,42.0,32.0,32.0,28.0,28.0,40.0,44.0,40.0,44.0,39.0,24.0,21.0,27.0,24.0,15.0,167.0,176.0,174.0,177.0,191.0,0.2222222222222222,0.2456140350877193,0.24107142857142855,0.23645320197044337,0.189873417721519,0.37485970819304154,0.3682008368200837,0.3799126637554585,0.4150058616647128,0.373046875,0.8336633663366336,0.8596300326441785,0.8443223443223443,0.8368421052631579,0.8363171355498721,0.8511888859203847,0.8424621804903495,0.8448511335700628,0.8687877991059689,0.8383278771090406,"{'cls__hidden_layer_sizes': (100,), 'cls__learning_rate': 'adaptive', 'cls__learning_rate_init': 0.0001, 'cls__max_iter': 1000, 'cls__n_iter_no_change': 5, 'cls__random_state': 42, 'os__random_state': 42}",mlp,none,simple,minmax,smote,0.2270468611146665
795.0,724.0,846.0,709.0,626.0,2938.0,2935.0,2827.0,2942.0,2991.0,149.0,142.0,187.0,189.0,113.0,598.0,679.0,620.0,640.0,750.0,40.0,26.0,21.0,23.0,28.0,39.0,42.0,44.0,41.0,36.0,26.0,27.0,38.0,29.0,15.0,168.0,178.0,170.0,180.0,194.0,0.2157676348547718,0.24324324324324323,0.2676056338028169,0.21481481481481485,0.1754385964912281,0.34532374100719426,0.3305478180129991,0.3386454183266932,0.345821325648415,0.33049403747870526,0.8128712871287128,0.8171926006528836,0.8095238095238095,0.7768421052631579,0.819693094629156,0.8298156558909965,0.8119457485654669,0.8186287899481016,0.8209308440704707,0.8020649710400403,"{'cls__hidden_layer_sizes': (100, 100), 'cls__learning_rate': 'adaptive', 'cls__learning_rate_init': 1e-05, 'cls__max_iter': 1000, 'cls__n_iter_no_change': 5, 'cls__random_state': 42, 'os__random_state': 42}",mlp,none,simple,minmax,smote,0.22337398464137498
828.0,793.0,966.0,829.0,677.0,3092.0,3229.0,3182.0,3298.0,3251.0,116.0,73.0,67.0,69.0,62.0,444.0,385.0,265.0,284.0,490.0,44.0,41.0,37.0,36.0,32.0,75.0,88.0,87.0,100.0,84.0,22.0,12.0,22.0,16.0,11.0,132.0,132.0,127.0,121.0,146.0,0.2156862745098039,0.1739130434782609,0.29729729729729726,0.23357664233576642,0.1896551724137931,0.3371647509578544,0.3582089552238805,0.4191419141914191,0.3865814696485623,0.3371824480369515,0.8415841584158416,0.8759521218715995,0.9047619047619048,0.8894736842105263,0.8797953964194374,0.8613411701843441,0.8766301512780386,0.9038514067194755,0.8990270838811465,0.8554520271971795,"{'cls__criterion': 'entropy', 'cls__max_depth': 8, 'cls__max_features': 'log2', 'cls__n_estimators': 200, 'cls__random_state': 42, 'os__random_state': 42}",rf,none,simple,none,smote,0.22202568600698433
836.0,801.0,927.0,798.0,654.0,3130.0,3177.0,3103.0,3216.0,3230.0,108.0,65.0,106.0,100.0,85.0,406.0,437.0,344.0,366.0,511.0,44.0,35.0,37.0,34.0,31.0,41.0,53.0,62.0,56.0,46.0,22.0,18.0,22.0,18.0,12.0,166.0,167.0,152.0,165.0,184.0,0.22448979591836735,0.2647058823529412,0.2352941176470588,0.21176470588235294,0.17142857142857143,0.42618741976893454,0.40533980582524276,0.428169014084507,0.4388297872340426,0.3978378378378378,0.8495049504950495,0.8911860718171926,0.8690476190476191,0.8589473684210527,0.8516624040920716,0.8805770772107935,0.8721961398017736,0.8891013384321224,0.8890349723902182,0.8597330647192143,"{'cls__hidden_layer_sizes': (100, 100, 100), 'cls__learning_rate': 'adaptive', 'cls__learning_rate_init': 0.0001, 'cls__max_iter': 1000, 'cls__n_iter_no_change': 5, 'cls__random_state': 42, 'os__random_state': 42}",mlp,none,simple,minmax,smote,0.22153661464585833
808.0,765.0,904.0,766.0,698.0,3044.0,3065.0,2927.0,3183.0,3400.0,136.0,101.0,129.0,132.0,41.0,492.0,549.0,520.0,399.0,341.0,41.0,32.0,29.0,30.0,36.0,36.0,35.0,27.0,56.0,75.0,25.0,21.0,30.0,22.0,7.0,171.0,185.0,187.0,165.0,155.0,0.22026431718061673,0.24000000000000002,0.2752293577981652,0.21359223300970873,0.15384615384615388,0.3931034482758621,0.3878406708595388,0.4060803474484256,0.4203821656050955,0.42699724517906334,0.8247524752475247,0.8552774755168662,0.8553113553113553,0.8294736842105264,0.90153452685422,0.8589366818060379,0.847678664580073,0.8505872712373669,0.8803576124112543,0.8952404935784437,"{'cls__hidden_layer_sizes': (100, 100), 'cls__learning_rate': 'adaptive', 'cls__learning_rate_init': 0.001, 'cls__max_iter': 1000, 'cls__n_iter_no_change': 5, 'cls__random_state': 42, 'os__random_state': 42}",mlp,none,simple,minmax,smote,0.2205864123669289
837.0,785.0,912.0,821.0,655.0,3114.0,3172.0,2959.0,3257.0,3272.0,107.0,81.0,121.0,77.0,84.0,422.0,442.0,488.0,325.0,469.0,43.0,36.0,31.0,41.0,29.0,41.0,52.0,35.0,63.0,45.0,23.0,17.0,28.0,11.0,14.0,166.0,168.0,179.0,158.0,185.0,0.23469387755102042,0.22516556291390727,0.2692307692307692,0.15714285714285714,0.19858156028368792,0.4176100628930817,0.40481927710843374,0.4063564131668559,0.4488636363636364,0.4185520361990951,0.8514851485148515,0.8726877040261154,0.8608058608058609,0.8757894736842106,0.8554987212276215,0.8763024312049158,0.8711528429838289,0.8571428571428571,0.8979752826715751,0.8705615713925964,"{'cls__hidden_layer_sizes': (100,), 'cls__learning_rate': 'adaptive', 'cls__learning_rate_init': 0.001, 'cls__max_iter': 1000, 'cls__n_iter_no_change': 5, 'cls__random_state': 42, 'os__random_state': 42}",mlp,none,simple,minmax,smote,0.21696292542444837
724.0,648.0,797.0,660.0,572.0,2690.0,2707.0,2531.0,2699.0,2789.0,220.0,218.0,236.0,238.0,167.0,846.0,907.0,916.0,883.0,952.0,35.0,26.0,18.0,18.0,15.0,33.0,37.0,39.0,41.0,41.0,31.0,27.0,41.0,34.0,28.0,174.0,183.0,175.0,180.0,189.0,0.19558359621451105,0.18120805369127518,0.24404761904761904,0.20987654320987653,0.23529411764705882,0.28361858190709044,0.27938931297709924,0.2681992337164751,0.28037383177570097,0.2757111597374179,0.7475247524752475,0.73449401523395,0.7673992673992674,0.7305263157894737,0.7672634271099744,0.7651616350520972,0.7537819509650495,0.7391423108440317,0.7570339205890086,0.7499370435658524,"{'cls__hidden_layer_sizes': (100,), 'cls__learning_rate': 'adaptive', 'cls__learning_rate_init': 1e-05, 'cls__max_iter': 1000, 'cls__n_iter_no_change': 5, 'cls__random_state': 42, 'os__random_state': 42}",mlp,none,simple,standard,smote,0.21320198596206813
812.0,806.0,897.0,776.0,661.0,3035.0,3213.0,2969.0,3179.0,3263.0,132.0,60.0,136.0,122.0,78.0,501.0,401.0,478.0,403.0,478.0,42.0,40.0,30.0,33.0,31.0,31.0,64.0,32.0,40.0,53.0,24.0,13.0,29.0,19.0,12.0,176.0,156.0,182.0,181.0,177.0,0.21621621621621623,0.20634920634920634,0.2589285714285714,0.19689119170984454,0.18045112781954886,0.39819004524886875,0.4015444015444016,0.4164759725400457,0.44968944099378877,0.39999999999999997,0.8277227722772277,0.8911860718171926,0.847985347985348,0.8368421052631579,0.860613810741688,0.8578680203045685,0.878716744913928,0.860693799508331,0.8835130160399685,0.8662805338705616,"{'cls__hidden_layer_sizes': (100, 100), 'cls__learning_rate': 'adaptive', 'cls__learning_rate_init': 0.0001, 'cls__max_iter': 1000, 'cls__n_iter_no_change': 5, 'cls__random_state': 42, 'os__random_state': 42}",mlp,none,simple,minmax,smote,0.21176726270467747
820.0,760.0,946.0,805.0,653.0,3023.0,3071.0,3130.0,3244.0,3194.0,124.0,106.0,87.0,93.0,86.0,513.0,543.0,317.0,338.0,547.0,44.0,31.0,42.0,35.0,31.0,28.0,36.0,76.0,54.0,35.0,22.0,22.0,17.0,17.0,12.0,179.0,184.0,138.0,167.0,195.0,0.20754716981132076,0.24309392265193372,0.20858895705521474,0.20987654320987653,0.17021276595744683,0.3982202447163515,0.3885955649419219,0.41255605381165916,0.46005509641873277,0.4012345679012345,0.8336633663366336,0.8509249183895539,0.8818681318681318,0.8652631578947368,0.850383631713555,0.8554635319262623,0.848982785602504,0.8926522807975963,0.8969234814620037,0.8534374213044573,"{'cls__hidden_layer_sizes': (100, 100, 100), 'cls__learning_rate': 'adaptive', 'cls__learning_rate_init': 0.001, 'cls__max_iter': 1000, 'cls__n_iter_no_change': 5, 'cls__random_state': 42, 'os__random_state': 42}",mlp,none,simple,minmax,smote,0.2078638717371585
747.0,649.0,706.0,645.0,547.0,2647.0,2666.0,2438.0,2730.0,2679.0,197.0,217.0,327.0,253.0,192.0,889.0,948.0,1009.0,852.0,1062.0,37.0,22.0,15.0,20.0,19.0,38.0,48.0,42.0,55.0,44.0,29.0,31.0,44.0,32.0,24.0,169.0,172.0,172.0,166.0,186.0,0.19863013698630136,0.2059800664451827,0.20465116279069767,0.18991097922848665,0.18532818532818535,0.2671936758893281,0.2567164179104478,0.24659498207885305,0.2679580306698951,0.2516914749661705,0.7683168316831683,0.7399347116430903,0.6868131868131868,0.7126315789473684,0.7301790281329923,0.7523376970344643,0.7402190923317684,0.7129199672220705,0.761504075729687,0.7214807353311509,"{'cls__hidden_layer_sizes': (100,), 'cls__learning_rate': 'adaptive', 'cls__learning_rate_init': 1e-05, 'cls__max_iter': 1000, 'cls__n_iter_no_change': 5, 'cls__random_state': 42, 'os__random_state': 42}",mlp,none,simple,minmax,smote,0.19690010615577075
900.0,812.0,1010.0,863.0,699.0,3415.0,3434.0,3339.0,3475.0,3564.0,44.0,54.0,23.0,35.0,40.0,121.0,180.0,108.0,107.0,177.0,59.0,43.0,51.0,40.0,33.0,168.0,160.0,181.0,189.0,181.0,7.0,10.0,8.0,12.0,10.0,39.0,60.0,33.0,32.0,49.0,0.11965811965811966,0.17094017094017094,0.17777777777777778,0.24242424242424243,0.2150537634408602,0.2125340599455041,0.2608695652173913,0.18591549295774648,0.17777777777777778,0.2149122807017544,0.898019801980198,0.8944504896626768,0.9322344322344323,0.9210526315789473,0.9066496163682864,0.9227892065188351,0.9113197704747,0.9210598197213876,0.9221667104917171,0.9098463863006799,"{'cls__algorithm': 'SAMME.R', 'cls__learning_rate': 1.0, 'cls__n_estimators': 400, 'cls__random_state': 42, 'os__random_state': 42}",ada,none,simple,none,smote,0.1851708148482342
886.0,792.0,991.0,819.0,679.0,3366.0,3328.0,3217.0,3361.0,3471.0,58.0,74.0,42.0,79.0,60.0,170.0,286.0,230.0,221.0,270.0,56.0,44.0,48.0,36.0,31.0,170.0,153.0,159.0,165.0,171.0,10.0,9.0,11.0,16.0,12.0,37.0,67.0,55.0,56.0,59.0,0.14925373134328357,0.1323529411764706,0.19642857142857145,0.217687074829932,0.20869565217391303,0.17874396135265702,0.2338568935427574,0.22044088176352702,0.2248995983935743,0.2110912343470483,0.8871287128712871,0.8715995647442872,0.9175824175824175,0.8789473684210526,0.8836317135549873,0.9091637723751002,0.8854981742305686,0.8937448784485114,0.8985011832763607,0.8889448501636867,"{'cls__algorithm': 'SAMME.R', 'cls__learning_rate': 1.0, 'cls__n_estimators': 100, 'cls__random_state': 42, 'os__random_state': 42}",ada,none,simple,none,smote,0.18088359419043412
893.0,810.0,1003.0,845.0,693.0,3389.0,3413.0,3297.0,3422.0,3515.0,51.0,56.0,30.0,53.0,46.0,147.0,201.0,150.0,160.0,226.0,55.0,45.0,51.0,41.0,32.0,167.0,163.0,174.0,175.0,185.0,11.0,8.0,8.0,11.0,11.0,40.0,57.0,40.0,46.0,45.0,0.171875,0.13675213675213677,0.16494845360824742,0.1896551724137931,0.22,0.20304568527918782,0.23849372384937237,0.198019801980198,0.2154566744730679,0.17964071856287425,0.8950495049504951,0.8900979325353645,0.9258241758241759,0.9010526315789473,0.9002557544757033,0.9161100721346513,0.9050599895670318,0.9114995902758809,0.911911648698396,0.8964996222613951,"{'cls__algorithm': 'SAMME.R', 'cls__learning_rate': 0.5, 'cls__n_estimators': 400, 'cls__random_state': 42, 'os__random_state': 42}",ada,none,simple,none,smote,0.17664615255483546
876.0,794.0,946.0,817.0,675.0,3319.0,3316.0,3180.0,3304.0,3417.0,68.0,72.0,87.0,81.0,64.0,217.0,298.0,267.0,278.0,324.0,52.0,45.0,44.0,38.0,32.0,156.0,149.0,159.0,160.0,168.0,14.0,8.0,15.0,14.0,11.0,51.0,71.0,55.0,61.0,62.0,0.18918918918918917,0.12030075187969926,0.18633540372670807,0.19047619047619047,0.18644067796610173,0.21473684210526314,0.24108658743633274,0.2052238805970149,0.2178571428571429,0.20129870129870128,0.8811881188118812,0.8726877040261154,0.88003663003663,0.8747368421052631,0.8772378516624041,0.9003473149879776,0.8834115805946792,0.8836383501775471,0.8848277675519327,0.8761017375975825,"{'cls__algorithm': 'SAMME.R', 'cls__learning_rate': 0.5, 'cls__n_estimators': 100, 'cls__random_state': 42, 'os__random_state': 42}",ada,none,simple,none,smote,0.17454844264757774
880.0,812.0,994.0,829.0,694.0,3355.0,3349.0,3257.0,3367.0,3505.0,64.0,54.0,39.0,69.0,45.0,181.0,265.0,190.0,215.0,236.0,54.0,46.0,50.0,40.0,32.0,168.0,161.0,168.0,169.0,183.0,12.0,7.0,9.0,12.0,11.0,39.0,59.0,46.0,52.0,47.0,0.16901408450704225,0.12280701754385966,0.16822429906542055,0.1804511278195489,0.22222222222222224,0.18266978922716626,0.21691176470588236,0.20444444444444446,0.21311475409836067,0.18323586744639375,0.8831683168316832,0.8911860718171926,0.9184981684981685,0.8852631578947369,0.90153452685422,0.9067592839967941,0.8888888888888888,0.902212510243103,0.8990270838811465,0.8944850163686728,"{'cls__algorithm': 'SAMME.R', 'cls__learning_rate': 0.5, 'cls__n_estimators': 200, 'cls__random_state': 42, 'os__random_state': 42}",ada,none,simple,none,smote,0.1725437502316187
896.0,806.0,1010.0,854.0,678.0,3389.0,3402.0,3318.0,3458.0,3491.0,48.0,60.0,23.0,44.0,61.0,147.0,212.0,129.0,124.0,250.0,56.0,44.0,51.0,42.0,33.0,170.0,161.0,174.0,182.0,170.0,10.0,9.0,8.0,10.0,10.0,37.0,59.0,40.0,39.0,60.0,0.16129032258064518,0.14754098360655735,0.17777777777777778,0.18867924528301885,0.17543859649122806,0.18925831202046034,0.24032586558044805,0.20887728459530022,0.203125,0.2222222222222222,0.897029702970297,0.8868335146898803,0.9322344322344323,0.9094736842105263,0.8797953964194374,0.9153085760085493,0.9027125717266562,0.917235727943185,0.9195372074677886,0.8942331906320826,"{'cls__algorithm': 'SAMME.R', 'cls__learning_rate': 1.0, 'cls__n_estimators': 200, 'cls__random_state': 42, 'os__random_state': 42}",ada,none,simple,none,smote,0.17014538514784544
885.0,805.0,975.0,802.0,671.0,3271.0,3292.0,3229.0,3298.0,3397.0,59.0,61.0,58.0,96.0,68.0,265.0,322.0,218.0,284.0,344.0,54.0,46.0,46.0,38.0,32.0,152.0,140.0,163.0,160.0,171.0,12.0,7.0,13.0,14.0,11.0,55.0,80.0,51.0,61.0,59.0,0.1751824817518248,0.11570247933884296,0.2,0.1728395061728395,0.18032786885245902,0.20872865275142316,0.25723472668810293,0.21118012422360247,0.21554770318021202,0.18641390205371247,0.8881188118811881,0.8835690968443961,0.9047619047619048,0.8589473684210527,0.8721227621483376,0.888592038471814,0.8794992175273866,0.8959300737503414,0.8832500657375756,0.870309745656006,"{'cls__algorithm': 'SAMME.R', 'cls__learning_rate': 0.1, 'cls__n_estimators': 400, 'cls__random_state': 42, 'os__random_state': 42}",ada,none,simple,none,smote,0.16881046722319323
851.0,777.0,985.0,777.0,617.0,3148.0,3176.0,3197.0,3259.0,3264.0,93.0,89.0,48.0,121.0,122.0,388.0,438.0,250.0,323.0,477.0,50.0,45.0,48.0,35.0,27.0,136.0,137.0,163.0,162.0,168.0,16.0,8.0,11.0,17.0,16.0,71.0,83.0,51.0,59.0,62.0,0.18285714285714286,0.10666666666666666,0.1864406779661017,0.17894736842105266,0.17679558011049723,0.21321321321321318,0.22402159244264505,0.19805825242718447,0.1956882255389718,0.16124837451235371,0.8584158415841584,0.8541893362350381,0.9120879120879121,0.8357894736842105,0.809462915601023,0.8600053433075073,0.8500260824204486,0.887189292543021,0.8724691033394688,0.8375723998992697,"{'cls__algorithm': 'SAMME.R', 'cls__learning_rate': 0.1, 'cls__n_estimators': 200, 'cls__random_state': 42, 'os__random_state': 42}",ada,none,simple,none,smote,0.16634148720429223
789.0,707.0,852.0,773.0,529.0,2793.0,2880.0,2847.0,3247.0,2821.0,155.0,159.0,181.0,125.0,210.0,743.0,734.0,600.0,335.0,920.0,49.0,41.0,41.0,37.0,26.0,119.0,125.0,143.0,167.0,143.0,17.0,12.0,18.0,15.0,17.0,88.0,95.0,71.0,54.0,87.0,0.14285714285714285,0.10714285714285714,0.13953488372093023,0.15624999999999997,0.12592592592592594,0.16955684007707128,0.1811248808388942,0.16045197740112993,0.17704918032786884,0.1406628940986257,0.7980198019801981,0.7823721436343852,0.7967032967032966,0.8294736842105264,0.6982097186700768,0.7697034464333422,0.7759520083463746,0.7970499863425293,0.8679989481987904,0.7323092420045328,"{'cls__algorithm': 'SAMME.R', 'cls__learning_rate': 0.1, 'cls__n_estimators': 100, 'cls__random_state': 42, 'os__random_state': 42}",ada,none,simple,none,smote,0.13434216192937126
931.0,854.0,1020.0,896.0,732.0,3502.0,3580.0,3435.0,3574.0,3733.0,13.0,12.0,13.0,2.0,7.0,34.0,34.0,12.0,8.0,8.0,58.0,48.0,55.0,51.0,40.0,140.0,159.0,169.0,196.0,180.0,8.0,5.0,4.0,1.0,3.0,67.0,61.0,45.0,25.0,50.0,0.1839080459770115,0.14285714285714288,0.10526315789473684,0.03636363636363637,0.11320754716981132,0.43506493506493504,0.38730158730158726,0.33210332103321033,0.1968503937007874,0.3472222222222222,0.9297029702970298,0.9347116430903155,0.9377289377289377,0.9442105263157895,0.9398976982097187,0.9535132246860807,0.949660928534168,0.9505599562960939,0.9463581383118591,0.9526567615210274,"{'cls__hidden_layer_sizes': (100, 100), 'cls__learning_rate': 'adaptive', 'cls__learning_rate_init': 0.001, 'cls__max_iter': 1000, 'cls__n_iter_no_change': 5, 'cls__random_state': 42}",mlp,none,simple,standard,none,0.11631990605246778
431.0,321.0,292.0,451.0,246.0,1823.0,1207.0,1154.0,1796.0,1282.0,513.0,545.0,741.0,447.0,493.0,1713.0,2407.0,2293.0,1786.0,2459.0,37.0,17.0,8.0,17.0,10.0,83.0,65.0,70.0,103.0,72.0,29.0,36.0,51.0,35.0,33.0,124.0,155.0,144.0,118.0,158.0,0.09539473684210525,0.11356466876971608,0.11985898942420682,0.1310861423220974,0.11599297012302283,0.12133072407045012,0.11143062544931703,0.10863824971708788,0.11105882352941177,0.110994028802248,0.45544554455445546,0.38846572361262244,0.3141025641025641,0.511578947368421,0.3567774936061381,0.5201709858402351,0.35524256651017216,0.3545479377219339,0.5032868787799106,0.3626290606900025,"{'cls__hidden_layer_sizes': (100, 100), 'cls__learning_rate': 'adaptive', 'cls__learning_rate_init': 1e-05, 'cls__max_iter': 1000, 'cls__n_iter_no_change': 5, 'cls__random_state': 42}",mlp,none,simple,none,none,0.11517950149622966
8.0,285.0,61.0,0.0,546.0,43.0,841.0,244.0,0.0,2633.0,936.0,581.0,972.0,898.0,193.0,3493.0,2773.0,3203.0,3582.0,1108.0,0.0,15.0,1.0,0.0,31.0,1.0,43.0,20.0,0.0,157.0,66.0,38.0,58.0,52.0,12.0,206.0,177.0,194.0,221.0,73.0,0.12359550561797754,0.1130952380952381,0.10651974288337926,0.10379241516966067,0.09677419354838711,0.10547875064004095,0.11167192429022083,0.1074494599833841,0.10984095427435388,0.10347271438695961,0.07326732673267326,0.3514689880304679,0.10897435897435898,0.05473684210526316,0.7135549872122762,0.06652417846647074,0.2655190401669275,0.11963944277519803,0.058112016828819356,0.6814404432132964,"{'cls__hidden_layer_sizes': (100, 100), 'cls__learning_rate': 'adaptive', 'cls__learning_rate_init': 1e-05, 'cls__max_iter': 1000, 'cls__n_iter_no_change': 5, 'cls__random_state': 42, 'os__random_state': 42}",mlp,none,simple,none,smote,0.10875541906292854
934.0,853.0,1025.0,896.0,727.0,3513.0,3595.0,3434.0,3560.0,3720.0,10.0,13.0,8.0,2.0,12.0,23.0,19.0,13.0,22.0,21.0,59.0,48.0,55.0,52.0,40.0,149.0,172.0,173.0,198.0,160.0,7.0,5.0,4.0,0.0,3.0,58.0,48.0,41.0,23.0,70.0,0.1686746987951807,0.14084507042253522,0.11267605633802817,0.0,0.10344827586206895,0.4027777777777778,0.33449477351916374,0.3059701492537314,0.1729323308270677,0.43613707165109045,0.9316831683168317,0.9336235038084875,0.9423076923076923,0.9431578947368421,0.9335038363171355,0.9540475554368154,0.9501825769431403,0.9491942092324501,0.9421509334735735,0.9544195416771594,"{'cls__hidden_layer_sizes': (100, 100, 100), 'cls__learning_rate': 'adaptive', 'cls__learning_rate_init': 0.001, 'cls__max_iter': 1000, 'cls__n_iter_no_change': 5, 'cls__random_state': 42}",mlp,none,simple,standard,none,0.1051288202835626
12.0,148.0,884.0,140.0,0.0,46.0,507.0,2864.0,623.0,0.0,932.0,718.0,149.0,758.0,739.0,3490.0,3107.0,583.0,2959.0,3741.0,0.0,6.0,52.0,4.0,0.0,0.0,15.0,181.0,25.0,0.0,66.0,47.0,7.0,48.0,43.0,207.0,205.0,33.0,196.0,230.0,0.12406015037593984,0.11491442542787286,0.06511627906976744,0.11188811188811189,0.10424242424242423,0.10604508196721311,0.1160815402038505,0.07951807228915661,0.11611374407582939,0.10949773863365866,0.07722772277227723,0.21218715995647444,0.8159340659340659,0.19789473684210526,0.054987212276214836,0.06759283996794016,0.18570683359415754,0.7913138486752254,0.21535629765974232,0.05791991941576429,"{'cls__hidden_layer_sizes': (100, 100), 'cls__learning_rate': 'adaptive', 'cls__learning_rate_init': 0.001, 'cls__max_iter': 1000, 'cls__n_iter_no_change': 5, 'cls__random_state': 42, 'os__random_state': 42}",mlp,none,simple,none,smote,0.10404427820082325
0.0,668.0,161.0,762.0,554.0,12.0,2930.0,625.0,2680.0,3218.0,944.0,198.0,872.0,136.0,185.0,3524.0,684.0,2822.0,902.0,523.0,0.0,40.0,7.0,46.0,28.0,0.0,172.0,31.0,152.0,205.0,66.0,13.0,52.0,6.0,15.0,207.0,48.0,183.0,69.0,25.0,0.12267657992565055,0.09848484848484848,0.10579857578840285,0.06185567010309278,0.1234567901234568,0.10512950736414423,0.10084033613445378,0.11369990680335508,0.11577181208053691,0.06426735218508997,0.06534653465346535,0.7410228509249184,0.19505494505494506,0.8084210526315789,0.7276214833759591,0.05850921720545017,0.7767344809598331,0.22070472548484021,0.7228503812779384,0.8166708637622765,"{'cls__hidden_layer_sizes': (100,), 'cls__learning_rate': 'adaptive', 'cls__learning_rate_init': 0.001, 'cls__max_iter': 1000, 'cls__n_iter_no_change': 5, 'cls__random_state': 42, 'os__random_state': 42}",mlp,none,simple,none,smote,0.1024544928850903
933.0,861.0,1019.0,887.0,727.0,3526.0,3602.0,3432.0,3550.0,3736.0,11.0,5.0,14.0,11.0,12.0,10.0,12.0,15.0,32.0,5.0,61.0,49.0,56.0,50.0,40.0,175.0,193.0,172.0,178.0,196.0,5.0,4.0,3.0,2.0,3.0,32.0,27.0,42.0,43.0,34.0,0.12195121951219512,0.12903225806451613,0.07894736842105263,0.06153846153846154,0.10344827586206895,0.2570281124497992,0.2084942084942085,0.30996309963099633,0.29054054054054057,0.2527881040892193,0.9287128712871288,0.941240478781284,0.9358974358974359,0.9357894736842105,0.9335038363171355,0.9505744055570398,0.9465310380803339,0.9489210598197214,0.944780436497502,0.9493830269453538,"{'cls__hidden_layer_sizes': (100, 100), 'cls__learning_rate': 'adaptive', 'cls__learning_rate_init': 0.001, 'cls__max_iter': 1000, 'cls__n_iter_no_change': 5, 'cls__random_state': 42}",mlp,none,simple,minmax,none,0.09898351667965888
939.0,861.0,1019.0,898.0,736.0,3521.0,3599.0,3435.0,3578.0,3737.0,5.0,5.0,14.0,0.0,3.0,15.0,15.0,12.0,4.0,4.0,59.0,49.0,54.0,52.0,42.0,158.0,180.0,167.0,219.0,191.0,7.0,4.0,5.0,0.0,1.0,49.0,40.0,47.0,2.0,39.0,0.1794871794871795,0.12903225806451613,0.1282051282051282,0.0,0.0425531914893617,0.36162361623616235,0.2909090909090909,0.3443223443223443,0.01762114537444934,0.2857142857142857,0.9366336633663367,0.941240478781284,0.9377289377289377,0.9452631578947368,0.9424552429667519,0.953780390061448,0.9491392801251957,0.9511062551215514,0.941362082566395,0.9508939813648954,"{'cls__hidden_layer_sizes': (100, 100, 100), 'cls__learning_rate': 'adaptive', 'cls__learning_rate_init': 0.0001, 'cls__max_iter': 1000, 'cls__n_iter_no_change': 5, 'cls__random_state': 42}",mlp,none,simple,standard,none,0.0958555514492371
126.0,153.0,1033.0,838.0,630.0,499.0,539.0,3446.0,3179.0,3269.0,818.0,713.0,0.0,60.0,109.0,3037.0,3075.0,1.0,403.0,472.0,5.0,7.0,59.0,46.0,32.0,10.0,23.0,212.0,167.0,172.0,61.0,46.0,0.0,6.0,11.0,197.0,197.0,2.0,54.0,58.0,0.12910052910052913,0.11330049261083744,0.0,0.1016949152542373,0.1349693251533742,0.11450159837256613,0.11282932416953034,0.0184331797235023,0.1592920353982301,0.15263157894736842,0.18514851485148515,0.21653971708378672,0.9459706959706959,0.888421052631579,0.819693094629156,0.18594710125567726,0.19196661450182578,0.9418191750887736,0.8501183276360768,0.83782422563586,"{'cls__hidden_layer_sizes': (100, 100, 100), 'cls__learning_rate': 'adaptive', 'cls__learning_rate_init': 0.001, 'cls__max_iter': 1000, 'cls__n_iter_no_change': 5, 'cls__random_state': 42, 'os__random_state': 42}",mlp,none,simple,none,smote,0.0958130524237956
610.0,759.0,941.0,360.0,227.0,2350.0,3203.0,3014.0,1405.0,772.0,334.0,107.0,92.0,538.0,512.0,1186.0,411.0,433.0,2177.0,2969.0,44.0,47.0,51.0,22.0,15.0,109.0,193.0,184.0,75.0,38.0,22.0,6.0,8.0,30.0,28.0,98.0,27.0,30.0,146.0,192.0,0.10426540284360189,0.07228915662650602,0.10062893081761008,0.0967741935483871,0.0960548885077187,0.13145539906103287,0.08206686930091185,0.08862629246676514,0.11477987421383648,0.11324093187850191,0.6257425742574257,0.8324265505984766,0.8690476190476191,0.4105263157894737,0.32608695652173914,0.6540208388992786,0.8424621804903495,0.8314668123463534,0.40783591901130684,0.24276001007302947,"{'cls__hidden_layer_sizes': (100,), 'cls__learning_rate': 'adaptive', 'cls__learning_rate_init': 0.0001, 'cls__max_iter': 1000, 'cls__n_iter_no_change': 5, 'cls__random_state': 42, 'os__random_state': 42}",mlp,none,simple,none,smote,0.09400251446876476
857.0,823.0,985.0,808.0,676.0,3186.0,3397.0,3235.0,3060.0,3544.0,87.0,43.0,48.0,90.0,63.0,350.0,217.0,212.0,522.0,197.0,59.0,50.0,57.0,44.0,34.0,174.0,203.0,196.0,184.0,219.0,7.0,3.0,2.0,8.0,9.0,33.0,17.0,18.0,37.0,11.0,0.0875,0.0606060606060606,0.03669724770642202,0.10666666666666666,0.15652173913043477,0.11186440677966102,0.07488986784140969,0.08108108108108109,0.09487179487179487,0.050228310502283095,0.8554455445544554,0.8988030467899891,0.9038461538461539,0.8589473684210527,0.8759590792838875,0.8600053433075073,0.8904538341158059,0.8885550396066648,0.8143570865106495,0.8952404935784437,"{'cls__hidden_layer_sizes': (100,), 'cls__learning_rate': 'adaptive', 'cls__learning_rate_init': 0.0001, 'cls__max_iter': 1000, 'cls__n_iter_no_change': 5, 'cls__random_state': 42}",mlp,none,simple,none,none,0.08959834282191681
463.0,370.0,1020.0,351.0,102.0,1843.0,1431.0,3387.0,1238.0,365.0,481.0,496.0,13.0,547.0,637.0,1693.0,2183.0,60.0,2344.0,3376.0,41.0,17.0,58.0,19.0,6.0,84.0,69.0,202.0,68.0,3.0,25.0,36.0,1.0,33.0,37.0,123.0,151.0,12.0,153.0,227.0,0.08741258741258741,0.12307692307692308,0.0273972602739726,0.10443037974683544,0.10320781032078104,0.12160158180919427,0.11824588880187942,0.0839160839160839,0.11258278145695365,0.11844508218105923,0.48316831683168315,0.44178454842219805,0.934981684981685,0.40421052631578946,0.17774936061381075,0.5252471279722148,0.4126238914971309,0.9284348538650642,0.3657638706284512,0.14908083606144548,"{'cls__hidden_layer_sizes': (100, 100, 100), 'cls__learning_rate': 'adaptive', 'cls__learning_rate_init': 0.0001, 'cls__max_iter': 1000, 'cls__n_iter_no_change': 5, 'cls__random_state': 42, 'os__random_state': 42}",mlp,none,simple,none,smote,0.0891049921662199
941.0,864.0,1008.0,895.0,733.0,3528.0,3608.0,3427.0,3574.0,3732.0,3.0,2.0,25.0,3.0,6.0,8.0,6.0,20.0,8.0,9.0,61.0,49.0,54.0,52.0,42.0,178.0,195.0,167.0,202.0,192.0,5.0,4.0,5.0,0.0,1.0,29.0,25.0,47.0,19.0,38.0,0.13513513513513511,0.13559322033898305,0.11235955056179776,0.0,0.04,0.2377049180327869,0.199203187250996,0.3345195729537367,0.1532258064516129,0.27436823104693137,0.9366336633663367,0.9445048966267682,0.9276556776556777,0.9421052631578948,0.9386189258312021,0.9503072401816725,0.9475743348982786,0.9489210598197214,0.944780436497502,0.9493830269453538,"{'cls__hidden_layer_sizes': (100, 100, 100), 'cls__learning_rate': 'adaptive', 'cls__learning_rate_init': 0.001, 'cls__max_iter': 1000, 'cls__n_iter_no_change': 5, 'cls__random_state': 42}",mlp,none,simple,minmax,none,0.08461758120718318
939.0,860.0,1029.0,898.0,736.0,3527.0,3604.0,3442.0,3582.0,3736.0,5.0,6.0,4.0,0.0,3.0,9.0,10.0,5.0,0.0,5.0,59.0,49.0,57.0,52.0,42.0,173.0,192.0,184.0,221.0,195.0,7.0,4.0,2.0,0.0,1.0,34.0,28.0,30.0,0.0,35.0,0.1794871794871795,0.12698412698412698,0.061538461538461535,0.0,0.0425531914893617,0.272,0.21705426356589141,0.24096385542168672,0.0,0.2592592592592593,0.9366336633663367,0.940152339499456,0.9441391941391941,0.9452631578947368,0.9424552429667519,0.9513759016831419,0.9473135106937924,0.9483747609942639,0.9418879831711806,0.9496348526819441,"{'cls__hidden_layer_sizes': (100, 100), 'cls__learning_rate': 'adaptive', 'cls__learning_rate_init': 0.0001, 'cls__max_iter': 1000, 'cls__n_iter_no_change': 5, 'cls__random_state': 42}",mlp,none,simple,standard,none,0.08211259189982595
934.0,863.0,1024.0,895.0,736.0,3531.0,3609.0,3445.0,3581.0,3738.0,10.0,3.0,9.0,3.0,3.0,5.0,5.0,2.0,1.0,3.0,60.0,49.0,56.0,51.0,43.0,154.0,174.0,166.0,169.0,183.0,6.0,4.0,3.0,1.0,0.0,53.0,46.0,48.0,52.0,47.0,0.14634146341463414,0.13333333333333333,0.08450704225352114,0.03571428571428572,0.0,0.39999999999999997,0.3394833948339483,0.36363636363636365,0.3795620437956204,0.33571428571428574,0.9306930693069307,0.9434167573449401,0.9404761904761905,0.9431578947368421,0.9411764705882353,0.957520705316591,0.9533124673969744,0.9541108986615678,0.9552984485932159,0.9531604129942081,"{'cls__criterion': 'gini', 'cls__max_depth': 14, 'cls__max_features': 'log2', 'cls__n_estimators': 200, 'cls__random_state': 42}",rf,none,simple,none,none,0.07997922494315486
935.0,862.0,1023.0,895.0,734.0,3531.0,3608.0,3445.0,3581.0,3735.0,9.0,4.0,10.0,3.0,5.0,5.0,6.0,2.0,1.0,6.0,60.0,49.0,56.0,51.0,43.0,155.0,173.0,161.0,173.0,180.0,6.0,4.0,3.0,1.0,0.0,52.0,47.0,53.0,48.0,50.0,0.14814814814814814,0.13114754098360656,0.08333333333333333,0.03571428571428572,0.0,0.393939393939394,0.3443223443223443,0.3940520446096654,0.35555555555555557,0.34965034965034963,0.9316831683168317,0.9423286180631121,0.9395604395604396,0.9431578947368421,0.9386189258312021,0.9572535399412236,0.9533124673969744,0.9554766457252117,0.9542466473836445,0.9531604129942081,"{'cls__criterion': 'gini', 'cls__max_depth': 14, 'cls__max_features': 'log2', 'cls__n_estimators': 100, 'cls__random_state': 42}",rf,none,simple,none,none,0.07966866163587474
826.0,695.0,884.0,805.0,554.0,2938.0,3069.0,2880.0,2959.0,3210.0,118.0,171.0,149.0,93.0,185.0,598.0,545.0,567.0,623.0,531.0,60.0,44.0,52.0,49.0,28.0,173.0,189.0,181.0,184.0,205.0,6.0,9.0,7.0,3.0,15.0,34.0,31.0,33.0,37.0,25.0,0.06315789473684212,0.07725321888412016,0.06511627906976744,0.04054054054054054,0.1234567901234568,0.08104886769964244,0.07788944723618091,0.08108108108108109,0.08399545970488081,0.06361323155216285,0.8237623762376237,0.766050054406964,0.8159340659340659,0.8505263157894737,0.7276214833759591,0.7940154955917713,0.8085550339071466,0.7956842392788855,0.7877991059689718,0.8146562578695543,"{'cls__hidden_layer_sizes': (100,), 'cls__learning_rate': 'adaptive', 'cls__learning_rate_init': 1e-05, 'cls__max_iter': 1000, 'cls__n_iter_no_change': 5, 'cls__random_state': 42, 'os__random_state': 42}",mlp,none,simple,none,smote,0.07390494467094541
941.0,862.0,1019.0,898.0,738.0,3531.0,3603.0,3434.0,3582.0,3736.0,3.0,4.0,14.0,0.0,1.0,5.0,11.0,13.0,0.0,5.0,62.0,50.0,55.0,52.0,42.0,183.0,198.0,173.0,221.0,202.0,4.0,3.0,4.0,0.0,1.0,24.0,22.0,41.0,0.0,28.0,0.10958904109589043,0.1,0.1038961038961039,0.0,0.04444444444444444,0.2033898305084746,0.1739130434782609,0.3059701492537314,0.0,0.2129277566539924,0.9356435643564357,0.941240478781284,0.9368131868131868,0.9452631578947368,0.9450127877237852,0.9497729094309377,0.9454877412623891,0.9491942092324501,0.9418879831711806,0.9478720725258122,"{'cls__hidden_layer_sizes': (100, 100, 100), 'cls__learning_rate': 'adaptive', 'cls__learning_rate_init': 0.0001, 'cls__max_iter': 1000, 'cls__n_iter_no_change': 5, 'cls__random_state': 42}",mlp,none,simple,minmax,none,0.07158591788728776
857.0,735.0,917.0,761.0,559.0,3212.0,3377.0,2896.0,2993.0,3237.0,87.0,131.0,116.0,137.0,180.0,324.0,237.0,551.0,589.0,504.0,61.0,44.0,57.0,45.0,33.0,183.0,203.0,171.0,175.0,196.0,5.0,9.0,2.0,7.0,10.0,24.0,17.0,43.0,46.0,34.0,0.06329113924050633,0.0932642487046632,0.022598870056497175,0.07142857142857144,0.08583690987124462,0.08648648648648649,0.07172995780590719,0.10643564356435642,0.10747663551401869,0.08854166666666666,0.8534653465346534,0.809575625680087,0.8415750915750916,0.8084210526315789,0.7276214833759591,0.8645471546887523,0.8852373500260824,0.8027861240098334,0.7991059689718644,0.8237219843868043,"{'cls__hidden_layer_sizes': (100, 100, 100), 'cls__learning_rate': 'adaptive', 'cls__learning_rate_init': 1e-05, 'cls__max_iter': 1000, 'cls__n_iter_no_change': 5, 'cls__random_state': 42, 'os__random_state': 42}",mlp,none,simple,none,smote,0.06728394786029657
167.0,866.0,169.0,898.0,176.0,647.0,3612.0,567.0,3576.0,531.0,777.0,0.0,864.0,0.0,563.0,2889.0,2.0,2880.0,6.0,3210.0,9.0,53.0,12.0,52.0,12.0,39.0,218.0,27.0,219.0,21.0,57.0,0.0,47.0,0.0,31.0,168.0,2.0,187.0,2.0,209.0,0.12666666666666668,0.0,0.09690721649484536,0.0,0.09733124018838304,0.10294117647058823,0.01785714285714286,0.11398963730569948,0.017467248908296942,0.1145519320361743,0.22178217821782178,0.9423286180631121,0.1978021978021978,0.9452631578947368,0.2647058823529412,0.2177397809243922,0.9426186750130412,0.205954657197487,0.9408361819616092,0.18635104507680686,"{'cls__hidden_layer_sizes': (100, 100), 'cls__learning_rate': 'adaptive', 'cls__learning_rate_init': 0.0001, 'cls__max_iter': 1000, 'cls__n_iter_no_change': 5, 'cls__random_state': 42, 'os__random_state': 42}",mlp,none,simple,none,smote,0.06418102466997902
942.0,863.0,1025.0,896.0,739.0,3530.0,3610.0,3439.0,3578.0,3737.0,2.0,3.0,8.0,2.0,0.0,6.0,4.0,8.0,4.0,4.0,62.0,50.0,57.0,52.0,43.0,179.0,205.0,190.0,211.0,206.0,4.0,3.0,2.0,0.0,0.0,28.0,15.0,24.0,10.0,24.0,0.1111111111111111,0.1016949152542373,0.05797101449275363,0.0,0.0,0.23236514522821577,0.12552301255230125,0.19512195121951217,0.08510638297872342,0.18604651162790697,0.9366336633663367,0.9423286180631121,0.9404761904761905,0.9431578947368421,0.9450127877237852,0.9505744055570398,0.9454877412623891,0.945916416279705,0.9434656849855377,0.9471165953160413,"{'cls__hidden_layer_sizes': (100,), 'cls__learning_rate': 'adaptive', 'cls__learning_rate_init': 0.001, 'cls__max_iter': 1000, 'cls__n_iter_no_change': 5, 'cls__random_state': 42}",mlp,none,simple,standard,none,0.054155408171620414
936.0,862.0,1026.0,896.0,739.0,3533.0,3609.0,3444.0,3581.0,3735.0,8.0,4.0,7.0,2.0,0.0,3.0,5.0,3.0,1.0,6.0,63.0,51.0,57.0,51.0,43.0,168.0,188.0,178.0,187.0,195.0,3.0,2.0,2.0,1.0,0.0,39.0,32.0,36.0,34.0,35.0,0.07792207792207792,0.06779661016949153,0.0588235294117647,0.03636363636363637,0.0,0.3132530120481928,0.24902723735408558,0.2845849802371541,0.265625,0.2583025830258302,0.9297029702970298,0.940152339499456,0.9413919413919414,0.9442105263157895,0.9450127877237852,0.9543147208121827,0.949660928534168,0.9505599562960939,0.9505653431501446,0.9493830269453538,"{'cls__criterion': 'entropy', 'cls__max_depth': 14, 'cls__max_features': 'log2', 'cls__n_estimators': 100, 'cls__random_state': 42}",rf,none,simple,none,none,0.04818117077339411
943.0,866.0,1030.0,895.0,739.0,3534.0,3611.0,3442.0,3580.0,3739.0,1.0,0.0,3.0,3.0,0.0,2.0,3.0,5.0,2.0,2.0,63.0,50.0,58.0,52.0,43.0,191.0,212.0,194.0,208.0,211.0,3.0,3.0,1.0,0.0,0.0,16.0,8.0,20.0,13.0,19.0,0.08571428571428572,0.10714285714285715,0.031746031746031744,0.0,0.0,0.14222222222222222,0.06926406926406926,0.16736401673640164,0.11016949152542373,0.15139442231075695,0.9366336633663367,0.9455930359085963,0.9441391941391941,0.9421052631578948,0.9450127877237852,0.948437082554101,0.9439227960354721,0.9456432668669762,0.944780436497502,0.9463611181062704,"{'cls__hidden_layer_sizes': (100, 100), 'cls__learning_rate': 'adaptive', 'cls__learning_rate_init': 0.0001, 'cls__max_iter': 1000, 'cls__n_iter_no_change': 5, 'cls__random_state': 42}",mlp,none,simple,minmax,none,0.04492063492063492
944.0,866.0,1033.0,536.0,242.0,3536.0,3614.0,3447.0,2328.0,1015.0,0.0,0.0,0.0,362.0,497.0,0.0,0.0,0.0,1254.0,2726.0,66.0,53.0,59.0,38.0,14.0,207.0,220.0,214.0,152.0,60.0,0.0,0.0,0.0,14.0,29.0,0.0,0.0,0.0,69.0,170.0,0.0,0.0,0.0,0.06542056074766356,0.10193321616871706,0.0,0.0,0.0,0.08937823834196891,0.108765195137556,0.9346534653465347,0.9423286180631121,0.9459706959706959,0.5789473684210527,0.34654731457800514,0.944696767298958,0.9426186750130412,0.9415460256760448,0.6302918748356561,0.29841349785948124,"{'cls__hidden_layer_sizes': (100,), 'cls__learning_rate': 'adaptive', 'cls__learning_rate_init': 0.001, 'cls__max_iter': 1000, 'cls__n_iter_no_change': 5, 'cls__random_state': 42}",mlp,none,simple,none,none,0.033470755383276124
940.0,866.0,1024.0,896.0,738.0,3528.0,3613.0,3435.0,3579.0,3736.0,4.0,0.0,9.0,2.0,1.0,8.0,1.0,12.0,3.0,5.0,63.0,53.0,56.0,52.0,43.0,182.0,215.0,183.0,209.0,213.0,3.0,0.0,3.0,0.0,0.0,25.0,5.0,31.0,12.0,17.0,0.0821917808219178,0.0,0.08450704225352114,0.0,0.0,0.20833333333333331,0.04424778761061947,0.24124513618677043,0.1016949152542373,0.13492063492063494,0.9336633663366337,0.9423286180631121,0.9404761904761905,0.9431578947368421,0.9437340153452686,0.949238578680203,0.9436619718309859,0.9467358645178913,0.9442545358927162,0.945101989423319,"{'cls__hidden_layer_sizes': (100,), 'cls__learning_rate': 'adaptive', 'cls__learning_rate_init': 0.001, 'cls__max_iter': 1000, 'cls__n_iter_no_change': 5, 'cls__random_state': 42}",mlp,none,simple,minmax,none,0.03333976461508779
939.0,863.0,1028.0,896.0,738.0,3535.0,3611.0,3445.0,3581.0,3738.0,5.0,3.0,5.0,2.0,1.0,1.0,3.0,2.0,1.0,3.0,63.0,53.0,57.0,52.0,43.0,178.0,192.0,180.0,184.0,193.0,3.0,0.0,2.0,0.0,0.0,29.0,28.0,34.0,37.0,37.0,0.08108108108108107,0.0,0.060606060606060594,0.0,0.0,0.2447257383966245,0.2231075697211155,0.272,0.2857142857142857,0.2740740740740741,0.9326732673267327,0.9390642002176278,0.9432234432234432,0.9431578947368421,0.9437340153452686,0.9521773978092439,0.9491392801251957,0.9502868068833652,0.9513541940573231,0.9506421556283052,"{'cls__criterion': 'entropy', 'cls__max_depth': 14, 'cls__max_features': 'log2', 'cls__n_estimators': 200, 'cls__random_state': 42}",rf,none,simple,none,none,0.028337428337428333
944.0,863.0,1023.0,897.0,738.0,3536.0,3606.0,3442.0,3575.0,3741.0,0.0,3.0,10.0,1.0,1.0,0.0,8.0,5.0,7.0,0.0,66.0,52.0,57.0,52.0,42.0,207.0,217.0,211.0,219.0,230.0,0.0,1.0,2.0,0.0,1.0,0.0,3.0,3.0,2.0,0.0,0.0,0.03508771929824561,0.056338028169014086,0.0,0.04444444444444444,0.0,0.025974025974025976,0.027027027027027025,0.01739130434782609,0.0,0.9346534653465347,0.940152339499456,0.9386446886446886,0.9442105263157895,0.9450127877237852,0.944696767298958,0.9413145539906104,0.9409997268505873,0.9405732316592164,0.9420800805842358,"{'cls__algorithm': 'SAMME.R', 'cls__learning_rate': 1.0, 'cls__n_estimators': 200, 'cls__random_state': 42}",ada,none,simple,none,none,0.027174038382340827
940.0,863.0,1030.0,896.0,739.0,3535.0,3614.0,3447.0,3582.0,3738.0,4.0,3.0,3.0,2.0,0.0,1.0,0.0,0.0,0.0,3.0,63.0,53.0,58.0,52.0,43.0,183.0,201.0,192.0,193.0,200.0,3.0,0.0,1.0,0.0,0.0,24.0,19.0,22.0,28.0,30.0,0.0821917808219178,0.0,0.031746031746031744,0.0,0.0,0.20689655172413793,0.1589958158995816,0.1864406779661017,0.2248995983935743,0.22813688212927755,0.9336633663366337,0.9390642002176278,0.9441391941391941,0.9431578947368421,0.9450127877237852,0.9508415709324072,0.9475743348982786,0.9475553127560776,0.9492505916381804,0.9488793754721733,"{'cls__criterion': 'gini', 'cls__max_depth': 12, 'cls__max_features': 'log2', 'cls__n_estimators': 200, 'cls__random_state': 42}",rf,none,simple,none,none,0.02278756251358991
944.0,863.0,1033.0,898.0,738.0,3536.0,3607.0,3447.0,3579.0,3741.0,0.0,3.0,0.0,0.0,1.0,0.0,7.0,0.0,3.0,0.0,66.0,51.0,59.0,52.0,42.0,207.0,217.0,214.0,220.0,230.0,0.0,2.0,0.0,0.0,1.0,0.0,3.0,0.0,1.0,0.0,0.0,0.06896551724137931,0.0,0.0,0.04444444444444444,0.0,0.02608695652173913,0.0,0.00888888888888889,0.0,0.9346534653465347,0.941240478781284,0.9459706959706959,0.9452631578947368,0.9450127877237852,0.944696767298958,0.9415753781950965,0.9415460256760448,0.941362082566395,0.9420800805842358,"{'cls__algorithm': 'SAMME.R', 'cls__learning_rate': 0.5, 'cls__n_estimators': 400, 'cls__random_state': 42}",ada,none,simple,none,none,0.02268199233716475
944.0,859.0,1026.0,896.0,738.0,3534.0,3603.0,3440.0,3574.0,3741.0,0.0,7.0,7.0,2.0,1.0,2.0,11.0,7.0,8.0,0.0,66.0,52.0,58.0,52.0,42.0,205.0,217.0,210.0,216.0,230.0,0.0,1.0,1.0,0.0,1.0,2.0,3.0,4.0,5.0,0.0,0.0,0.03278688524590164,0.029850746268656716,0.0,0.04444444444444444,0.01895734597156398,0.02564102564102564,0.03555555555555555,0.042735042735042736,0.0,0.9346534653465347,0.9357997823721437,0.9404761904761905,0.9431578947368421,0.9450127877237852,0.944696767298958,0.9405320813771518,0.9407265774378585,0.9410991322640021,0.9420800805842358,"{'cls__algorithm': 'SAMME.R', 'cls__learning_rate': 1.0, 'cls__n_estimators': 400, 'cls__random_state': 42}",ada,none,simple,none,none,0.02141641519180056
939.0,863.0,1030.0,896.0,738.0,3535.0,3614.0,3445.0,3582.0,3738.0,5.0,3.0,3.0,2.0,1.0,1.0,0.0,2.0,0.0,3.0,64.0,53.0,58.0,52.0,43.0,180.0,200.0,185.0,192.0,204.0,2.0,0.0,1.0,0.0,0.0,27.0,20.0,29.0,29.0,26.0,0.054794520547945216,0.0,0.031746031746031744,0.0,0.0,0.22978723404255316,0.16666666666666669,0.236734693877551,0.232,0.20077220077220076,0.9316831683168317,0.9390642002176278,0.9441391941391941,0.9431578947368421,0.9437340153452686,0.9516430670585092,0.9478351591027647,0.9489210598197214,0.9495135419405732,0.9478720725258122,"{'cls__criterion': 'gini', 'cls__max_depth': 12, 'cls__max_features': 'log2', 'cls__n_estimators': 100, 'cls__random_state': 42}",rf,none,simple,none,none,0.017308110458795392
944.0,866.0,936.0,898.0,739.0,3536.0,3614.0,3081.0,3582.0,3741.0,0.0,0.0,97.0,0.0,0.0,0.0,0.0,366.0,0.0,0.0,66.0,53.0,52.0,52.0,43.0,207.0,220.0,194.0,221.0,230.0,0.0,0.0,7.0,0.0,0.0,0.0,0.0,20.0,0.0,0.0,0.0,0.0,0.08588957055214724,0.0,0.0,0.0,0.0,0.06666666666666667,0.0,0.0,0.9346534653465347,0.9423286180631121,0.8635531135531136,0.9452631578947368,0.9450127877237852,0.944696767298958,0.9426186750130412,0.847036328871893,0.9418879831711806,0.9420800805842358,"{'cls__hidden_layer_sizes': (100, 100), 'cls__learning_rate': 'adaptive', 'cls__learning_rate_init': 0.001, 'cls__max_iter': 1000, 'cls__n_iter_no_change': 5, 'cls__random_state': 42}",mlp,none,simple,none,none,0.01717791411042945
944.0,865.0,1033.0,898.0,739.0,3536.0,3610.0,3447.0,3581.0,3741.0,0.0,1.0,0.0,0.0,0.0,0.0,4.0,0.0,1.0,0.0,66.0,51.0,59.0,52.0,43.0,207.0,219.0,214.0,220.0,230.0,0.0,2.0,0.0,0.0,0.0,0.0,1.0,0.0,1.0,0.0,0.0,0.07142857142857142,0.0,0.0,0.0,0.0,0.008888888888888889,0.0,0.008968609865470854,0.0,0.9346534653465347,0.9434167573449401,0.9459706959706959,0.9452631578947368,0.9450127877237852,0.944696767298958,0.9418362023995827,0.9415460256760448,0.9418879831711806,0.9420800805842358,"{'cls__algorithm': 'SAMME.R', 'cls__learning_rate': 0.5, 'cls__n_estimators': 200, 'cls__random_state': 42}",ada,none,simple,none,none,0.014285714285714285
944.0,866.0,1033.0,898.0,739.0,3536.0,3614.0,3447.0,3582.0,3741.0,0.0,0.0,0.0,0.0,0.0,0.0,0.0,0.0,0.0,0.0,66.0,52.0,59.0,52.0,43.0,207.0,220.0,214.0,221.0,230.0,0.0,1.0,0.0,0.0,0.0,0.0,0.0,0.0,0.0,0.0,0.0,0.037037037037037035,0.0,0.0,0.0,0.0,0.0,0.0,0.0,0.0,0.9346534653465347,0.9434167573449401,0.9459706959706959,0.9452631578947368,0.9450127877237852,0.944696767298958,0.9426186750130412,0.9415460256760448,0.9418879831711806,0.9420800805842358,"{'cls__algorithm': 'SAMME.R', 'cls__learning_rate': 0.5, 'cls__n_estimators': 100, 'cls__random_state': 42}",ada,none,simple,none,none,0.007407407407407407
944.0,865.0,1033.0,898.0,739.0,3536.0,3607.0,3444.0,3579.0,3741.0,0.0,1.0,0.0,0.0,0.0,0.0,7.0,3.0,3.0,0.0,66.0,52.0,59.0,52.0,43.0,207.0,218.0,213.0,220.0,230.0,0.0,1.0,0.0,0.0,0.0,0.0,2.0,1.0,1.0,0.0,0.0,0.03636363636363636,0.0,0.0,0.0,0.0,0.017467248908296942,0.009174311926605503,0.00888888888888889,0.0,0.9346534653465347,0.9423286180631121,0.9459706959706959,0.9452631578947368,0.9450127877237852,0.944696767298958,0.9413145539906104,0.9409997268505873,0.941362082566395,0.9420800805842358,"{'cls__algorithm': 'SAMME.R', 'cls__learning_rate': 1.0, 'cls__n_estimators': 100, 'cls__random_state': 42}",ada,none,simple,none,none,0.007272727272727273
942.0,864.0,1032.0,896.0,739.0,3536.0,3614.0,3447.0,3582.0,3740.0,2.0,2.0,1.0,2.0,0.0,0.0,0.0,0.0,0.0,1.0,65.0,53.0,59.0,52.0,43.0,195.0,208.0,199.0,199.0,214.0,1.0,0.0,0.0,0.0,0.0,12.0,12.0,15.0,22.0,16.0,0.028985507246376812,0.0,0.0,0.0,0.0,0.1095890410958904,0.10344827586206896,0.13100436681222707,0.1810699588477366,0.12955465587044532,0.9336633663366337,0.940152339499456,0.945054945054945,0.9431578947368421,0.9450127877237852,0.9479027518033663,0.9457485654668754,0.9456432668669762,0.9476728898238233,0.9458574666330899,"{'cls__criterion': 'entropy', 'cls__max_depth': 12, 'cls__max_features': 'log2', 'cls__n_estimators': 100, 'cls__random_state': 42}",rf,none,simple,none,none,0.005797101449275362
942.0,866.0,1031.0,898.0,739.0,3536.0,3614.0,3447.0,3582.0,3740.0,2.0,0.0,2.0,0.0,0.0,0.0,0.0,0.0,0.0,1.0,65.0,53.0,59.0,52.0,43.0,197.0,208.0,199.0,207.0,213.0,1.0,0.0,0.0,0.0,0.0,10.0,12.0,15.0,14.0,17.0,0.028985507246376812,0.0,0.0,0.0,0.0,0.09216589861751152,0.10344827586206896,0.13100436681222707,0.11914893617021276,0.13709677419354838,0.9336633663366337,0.9423286180631121,0.9441391941391941,0.9452631578947368,0.9450127877237852,0.9473684210526315,0.9457485654668754,0.9456432668669762,0.9455692874046805,0.9461092923696802,"{'cls__criterion': 'entropy', 'cls__max_depth': 12, 'cls__max_features': 'log2', 'cls__n_estimators': 200, 'cls__random_state': 42}",rf,none,simple,none,none,0.005797101449275362
944.0,866.0,1033.0,898.0,739.0,3536.0,3614.0,3447.0,3582.0,3741.0,0.0,0.0,0.0,0.0,0.0,0.0,0.0,0.0,0.0,0.0,66.0,53.0,59.0,52.0,43.0,207.0,220.0,214.0,221.0,230.0,0.0,0.0,0.0,0.0,0.0,0.0,0.0,0.0,0.0,0.0,0.0,0.0,0.0,0.0,0.0,0.0,0.0,0.0,0.0,0.0,0.9346534653465347,0.9423286180631121,0.9459706959706959,0.9452631578947368,0.9450127877237852,0.944696767298958,0.9426186750130412,0.9415460256760448,0.9418879831711806,0.9420800805842358,"{'cls__hidden_layer_sizes': (100,), 'cls__learning_rate': 'adaptive', 'cls__learning_rate_init': 1e-05, 'cls__max_iter': 1000, 'cls__n_iter_no_change': 5, 'cls__random_state': 42}",mlp,none,simple,none,none,0.0
944.0,866.0,1033.0,898.0,739.0,3536.0,3614.0,3444.0,3582.0,3741.0,0.0,0.0,0.0,0.0,0.0,0.0,0.0,3.0,0.0,0.0,66.0,53.0,59.0,52.0,43.0,207.0,220.0,214.0,221.0,230.0,0.0,0.0,0.0,0.0,0.0,0.0,0.0,0.0,0.0,0.0,0.0,0.0,0.0,0.0,0.0,0.0,0.0,0.0,0.0,0.0,0.9346534653465347,0.9423286180631121,0.9459706959706959,0.9452631578947368,0.9450127877237852,0.944696767298958,0.9426186750130412,0.9407265774378585,0.9418879831711806,0.9420800805842358,"{'cls__hidden_layer_sizes': (100, 100, 100), 'cls__learning_rate': 'adaptive', 'cls__learning_rate_init': 0.0001, 'cls__max_iter': 1000, 'cls__n_iter_no_change': 5, 'cls__random_state': 42}",mlp,none,simple,none,none,0.0
944.0,866.0,1033.0,898.0,739.0,3536.0,3614.0,3445.0,3582.0,3741.0,0.0,0.0,0.0,0.0,0.0,0.0,0.0,2.0,0.0,0.0,66.0,53.0,59.0,52.0,43.0,207.0,220.0,214.0,221.0,230.0,0.0,0.0,0.0,0.0,0.0,0.0,0.0,0.0,0.0,0.0,0.0,0.0,0.0,0.0,0.0,0.0,0.0,0.0,0.0,0.0,0.9346534653465347,0.9423286180631121,0.9459706959706959,0.9452631578947368,0.9450127877237852,0.944696767298958,0.9426186750130412,0.9409997268505873,0.9418879831711806,0.9420800805842358,"{'cls__hidden_layer_sizes': (100, 100), 'cls__learning_rate': 'adaptive', 'cls__learning_rate_init': 0.0001, 'cls__max_iter': 1000, 'cls__n_iter_no_change': 5, 'cls__random_state': 42}",mlp,none,simple,none,none,0.0
944.0,866.0,1033.0,898.0,739.0,3536.0,3614.0,3447.0,3582.0,3741.0,0.0,0.0,0.0,0.0,0.0,0.0,0.0,0.0,0.0,0.0,66.0,53.0,59.0,52.0,43.0,207.0,220.0,214.0,221.0,230.0,0.0,0.0,0.0,0.0,0.0,0.0,0.0,0.0,0.0,0.0,0.0,0.0,0.0,0.0,0.0,0.0,0.0,0.0,0.0,0.0,0.9346534653465347,0.9423286180631121,0.9459706959706959,0.9452631578947368,0.9450127877237852,0.944696767298958,0.9426186750130412,0.9415460256760448,0.9418879831711806,0.9420800805842358,"{'cls__hidden_layer_sizes': (100, 100, 100), 'cls__learning_rate': 'adaptive', 'cls__learning_rate_init': 1e-05, 'cls__max_iter': 1000, 'cls__n_iter_no_change': 5, 'cls__random_state': 42}",mlp,none,simple,none,none,0.0
944.0,866.0,1033.0,898.0,739.0,3536.0,3614.0,3447.0,3582.0,3741.0,0.0,0.0,0.0,0.0,0.0,0.0,0.0,0.0,0.0,0.0,66.0,53.0,59.0,52.0,43.0,207.0,220.0,214.0,221.0,230.0,0.0,0.0,0.0,0.0,0.0,0.0,0.0,0.0,0.0,0.0,0.0,0.0,0.0,0.0,0.0,0.0,0.0,0.0,0.0,0.0,0.9346534653465347,0.9423286180631121,0.9459706959706959,0.9452631578947368,0.9450127877237852,0.944696767298958,0.9426186750130412,0.9415460256760448,0.9418879831711806,0.9420800805842358,"{'cls__criterion': 'gini', 'cls__max_depth': 8, 'cls__max_features': 'log2', 'cls__n_estimators': 100, 'cls__random_state': 42}",rf,none,simple,none,none,0.0
944.0,866.0,1033.0,898.0,739.0,3536.0,3614.0,3447.0,3582.0,3741.0,0.0,0.0,0.0,0.0,0.0,0.0,0.0,0.0,0.0,0.0,66.0,53.0,59.0,52.0,43.0,207.0,220.0,214.0,221.0,230.0,0.0,0.0,0.0,0.0,0.0,0.0,0.0,0.0,0.0,0.0,0.0,0.0,0.0,0.0,0.0,0.0,0.0,0.0,0.0,0.0,0.9346534653465347,0.9423286180631121,0.9459706959706959,0.9452631578947368,0.9450127877237852,0.944696767298958,0.9426186750130412,0.9415460256760448,0.9418879831711806,0.9420800805842358,"{'cls__algorithm': 'SAMME.R', 'cls__learning_rate': 0.1, 'cls__n_estimators': 400, 'cls__random_state': 42}",ada,none,simple,none,none,0.0
944.0,866.0,1033.0,898.0,739.0,3536.0,3614.0,3447.0,3582.0,3741.0,0.0,0.0,0.0,0.0,0.0,0.0,0.0,0.0,0.0,0.0,66.0,53.0,59.0,52.0,43.0,207.0,220.0,214.0,221.0,230.0,0.0,0.0,0.0,0.0,0.0,0.0,0.0,0.0,0.0,0.0,0.0,0.0,0.0,0.0,0.0,0.0,0.0,0.0,0.0,0.0,0.9346534653465347,0.9423286180631121,0.9459706959706959,0.9452631578947368,0.9450127877237852,0.944696767298958,0.9426186750130412,0.9415460256760448,0.9418879831711806,0.9420800805842358,"{'cls__hidden_layer_sizes': (100, 100, 100), 'cls__learning_rate': 'adaptive', 'cls__learning_rate_init': 1e-05, 'cls__max_iter': 1000, 'cls__n_iter_no_change': 5, 'cls__random_state': 42}",mlp,none,simple,standard,none,0.0
944.0,866.0,1033.0,898.0,739.0,3536.0,3614.0,3447.0,3582.0,3741.0,0.0,0.0,0.0,0.0,0.0,0.0,0.0,0.0,0.0,0.0,66.0,53.0,59.0,52.0,43.0,207.0,220.0,214.0,221.0,230.0,0.0,0.0,0.0,0.0,0.0,0.0,0.0,0.0,0.0,0.0,0.0,0.0,0.0,0.0,0.0,0.0,0.0,0.0,0.0,0.0,0.9346534653465347,0.9423286180631121,0.9459706959706959,0.9452631578947368,0.9450127877237852,0.944696767298958,0.9426186750130412,0.9415460256760448,0.9418879831711806,0.9420800805842358,"{'cls__hidden_layer_sizes': (100,), 'cls__learning_rate': 'adaptive', 'cls__learning_rate_init': 1e-05, 'cls__max_iter': 1000, 'cls__n_iter_no_change': 5, 'cls__random_state': 42}",mlp,none,simple,minmax,none,0.0
944.0,866.0,1033.0,898.0,739.0,3536.0,3614.0,3447.0,3582.0,3741.0,0.0,0.0,0.0,0.0,0.0,0.0,0.0,0.0,0.0,0.0,66.0,53.0,59.0,52.0,43.0,207.0,220.0,214.0,221.0,230.0,0.0,0.0,0.0,0.0,0.0,0.0,0.0,0.0,0.0,0.0,0.0,0.0,0.0,0.0,0.0,0.0,0.0,0.0,0.0,0.0,0.9346534653465347,0.9423286180631121,0.9459706959706959,0.9452631578947368,0.9450127877237852,0.944696767298958,0.9426186750130412,0.9415460256760448,0.9418879831711806,0.9420800805842358,"{'cls__hidden_layer_sizes': (100,), 'cls__learning_rate': 'adaptive', 'cls__learning_rate_init': 0.0001, 'cls__max_iter': 1000, 'cls__n_iter_no_change': 5, 'cls__random_state': 42}",mlp,none,simple,minmax,none,0.0
944.0,866.0,1033.0,898.0,739.0,3536.0,3614.0,3447.0,3582.0,3741.0,0.0,0.0,0.0,0.0,0.0,0.0,0.0,0.0,0.0,0.0,66.0,53.0,59.0,52.0,43.0,207.0,220.0,214.0,221.0,230.0,0.0,0.0,0.0,0.0,0.0,0.0,0.0,0.0,0.0,0.0,0.0,0.0,0.0,0.0,0.0,0.0,0.0,0.0,0.0,0.0,0.9346534653465347,0.9423286180631121,0.9459706959706959,0.9452631578947368,0.9450127877237852,0.944696767298958,0.9426186750130412,0.9415460256760448,0.9418879831711806,0.9420800805842358,"{'cls__hidden_layer_sizes': (100, 100), 'cls__learning_rate': 'adaptive', 'cls__learning_rate_init': 1e-05, 'cls__max_iter': 1000, 'cls__n_iter_no_change': 5, 'cls__random_state': 42}",mlp,none,simple,minmax,none,0.0
944.0,866.0,1033.0,898.0,739.0,3536.0,3614.0,3447.0,3582.0,3741.0,0.0,0.0,0.0,0.0,0.0,0.0,0.0,0.0,0.0,0.0,66.0,53.0,59.0,52.0,43.0,207.0,220.0,214.0,221.0,230.0,0.0,0.0,0.0,0.0,0.0,0.0,0.0,0.0,0.0,0.0,0.0,0.0,0.0,0.0,0.0,0.0,0.0,0.0,0.0,0.0,0.9346534653465347,0.9423286180631121,0.9459706959706959,0.9452631578947368,0.9450127877237852,0.944696767298958,0.9426186750130412,0.9415460256760448,0.9418879831711806,0.9420800805842358,"{'cls__hidden_layer_sizes': (100, 100, 100), 'cls__learning_rate': 'adaptive', 'cls__learning_rate_init': 1e-05, 'cls__max_iter': 1000, 'cls__n_iter_no_change': 5, 'cls__random_state': 42}",mlp,none,simple,minmax,none,0.0
944.0,866.0,1033.0,898.0,739.0,3536.0,3614.0,3447.0,3582.0,3741.0,0.0,0.0,0.0,0.0,0.0,0.0,0.0,0.0,0.0,0.0,66.0,53.0,59.0,52.0,43.0,207.0,220.0,214.0,221.0,230.0,0.0,0.0,0.0,0.0,0.0,0.0,0.0,0.0,0.0,0.0,0.0,0.0,0.0,0.0,0.0,0.0,0.0,0.0,0.0,0.0,0.9346534653465347,0.9423286180631121,0.9459706959706959,0.9452631578947368,0.9450127877237852,0.944696767298958,0.9426186750130412,0.9415460256760448,0.9418879831711806,0.9420800805842358,"{'cls__hidden_layer_sizes': (100,), 'cls__learning_rate': 'adaptive', 'cls__learning_rate_init': 1e-05, 'cls__max_iter': 1000, 'cls__n_iter_no_change': 5, 'cls__random_state': 42}",mlp,none,simple,standard,none,0.0
944.0,866.0,1033.0,898.0,739.0,3536.0,3614.0,3447.0,3582.0,3741.0,0.0,0.0,0.0,0.0,0.0,0.0,0.0,0.0,0.0,0.0,66.0,53.0,59.0,52.0,43.0,207.0,220.0,214.0,221.0,230.0,0.0,0.0,0.0,0.0,0.0,0.0,0.0,0.0,0.0,0.0,0.0,0.0,0.0,0.0,0.0,0.0,0.0,0.0,0.0,0.0,0.9346534653465347,0.9423286180631121,0.9459706959706959,0.9452631578947368,0.9450127877237852,0.944696767298958,0.9426186750130412,0.9415460256760448,0.9418879831711806,0.9420800805842358,"{'cls__hidden_layer_sizes': (100,), 'cls__learning_rate': 'adaptive', 'cls__learning_rate_init': 0.0001, 'cls__max_iter': 1000, 'cls__n_iter_no_change': 5, 'cls__random_state': 42}",mlp,none,simple,standard,none,0.0
944.0,866.0,1033.0,898.0,739.0,3536.0,3614.0,3447.0,3582.0,3741.0,0.0,0.0,0.0,0.0,0.0,0.0,0.0,0.0,0.0,0.0,66.0,53.0,59.0,52.0,43.0,207.0,220.0,214.0,221.0,230.0,0.0,0.0,0.0,0.0,0.0,0.0,0.0,0.0,0.0,0.0,0.0,0.0,0.0,0.0,0.0,0.0,0.0,0.0,0.0,0.0,0.9346534653465347,0.9423286180631121,0.9459706959706959,0.9452631578947368,0.9450127877237852,0.944696767298958,0.9426186750130412,0.9415460256760448,0.9418879831711806,0.9420800805842358,"{'cls__hidden_layer_sizes': (100, 100), 'cls__learning_rate': 'adaptive', 'cls__learning_rate_init': 1e-05, 'cls__max_iter': 1000, 'cls__n_iter_no_change': 5, 'cls__random_state': 42}",mlp,none,simple,standard,none,0.0
944.0,866.0,1033.0,898.0,739.0,3536.0,3614.0,3447.0,3582.0,3741.0,0.0,0.0,0.0,0.0,0.0,0.0,0.0,0.0,0.0,0.0,66.0,53.0,59.0,52.0,43.0,207.0,220.0,214.0,221.0,230.0,0.0,0.0,0.0,0.0,0.0,0.0,0.0,0.0,0.0,0.0,0.0,0.0,0.0,0.0,0.0,0.0,0.0,0.0,0.0,0.0,0.9346534653465347,0.9423286180631121,0.9459706959706959,0.9452631578947368,0.9450127877237852,0.944696767298958,0.9426186750130412,0.9415460256760448,0.9418879831711806,0.9420800805842358,"{'cls__criterion': 'gini', 'cls__max_depth': 8, 'cls__max_features': 'log2', 'cls__n_estimators': 200, 'cls__random_state': 42}",rf,none,simple,none,none,0.0
944.0,866.0,1033.0,898.0,739.0,3536.0,3614.0,3447.0,3582.0,3741.0,0.0,0.0,0.0,0.0,0.0,0.0,0.0,0.0,0.0,0.0,66.0,53.0,59.0,52.0,43.0,207.0,220.0,214.0,221.0,230.0,0.0,0.0,0.0,0.0,0.0,0.0,0.0,0.0,0.0,0.0,0.0,0.0,0.0,0.0,0.0,0.0,0.0,0.0,0.0,0.0,0.9346534653465347,0.9423286180631121,0.9459706959706959,0.9452631578947368,0.9450127877237852,0.944696767298958,0.9426186750130412,0.9415460256760448,0.9418879831711806,0.9420800805842358,"{'cls__algorithm': 'SAMME.R', 'cls__learning_rate': 0.1, 'cls__n_estimators': 200, 'cls__random_state': 42}",ada,none,simple,none,none,0.0
944.0,866.0,1031.0,898.0,739.0,3536.0,3614.0,3447.0,3582.0,3741.0,0.0,0.0,2.0,0.0,0.0,0.0,0.0,0.0,0.0,0.0,66.0,53.0,59.0,52.0,43.0,204.0,215.0,206.0,217.0,224.0,0.0,0.0,0.0,0.0,0.0,3.0,5.0,8.0,4.0,6.0,0.0,0.0,0.0,0.0,0.0,0.02857142857142857,0.044444444444444446,0.07207207207207207,0.03555555555555556,0.05084745762711864,0.9346534653465347,0.9423286180631121,0.9441391941391941,0.9452631578947368,0.9450127877237852,0.9454982634250602,0.9439227960354721,0.9437312209778749,0.942939784380752,0.9435910350037774,"{'cls__criterion': 'gini', 'cls__max_depth': 10, 'cls__max_features': 'log2', 'cls__n_estimators': 100, 'cls__random_state': 42}",rf,none,simple,none,none,0.0
944.0,866.0,1031.0,898.0,739.0,3536.0,3614.0,3447.0,3582.0,3741.0,0.0,0.0,2.0,0.0,0.0,0.0,0.0,0.0,0.0,0.0,66.0,53.0,59.0,52.0,43.0,202.0,218.0,208.0,218.0,230.0,0.0,0.0,0.0,0.0,0.0,5.0,2.0,6.0,3.0,0.0,0.0,0.0,0.0,0.0,0.0,0.04716981132075471,0.018018018018018018,0.05454545454545455,0.026785714285714288,0.0,0.9346534653465347,0.9423286180631121,0.9441391941391941,0.9452631578947368,0.9450127877237852,0.9460325941757948,0.9431403234220136,0.9431849221524173,0.9426768340783592,0.9420800805842358,"{'cls__criterion': 'gini', 'cls__max_depth': 10, 'cls__max_features': 'log2', 'cls__n_estimators': 200, 'cls__random_state': 42}",rf,none,simple,none,none,0.0
944.0,866.0,1033.0,898.0,739.0,3536.0,3614.0,3447.0,3582.0,3741.0,0.0,0.0,0.0,0.0,0.0,0.0,0.0,0.0,0.0,0.0,66.0,53.0,59.0,52.0,43.0,207.0,220.0,214.0,221.0,230.0,0.0,0.0,0.0,0.0,0.0,0.0,0.0,0.0,0.0,0.0,0.0,0.0,0.0,0.0,0.0,0.0,0.0,0.0,0.0,0.0,0.9346534653465347,0.9423286180631121,0.9459706959706959,0.9452631578947368,0.9450127877237852,0.944696767298958,0.9426186750130412,0.9415460256760448,0.9418879831711806,0.9420800805842358,"{'cls__criterion': 'entropy', 'cls__max_depth': 8, 'cls__max_features': 'log2', 'cls__n_estimators': 100, 'cls__random_state': 42}",rf,none,simple,none,none,0.0
944.0,866.0,1033.0,898.0,739.0,3536.0,3614.0,3447.0,3582.0,3741.0,0.0,0.0,0.0,0.0,0.0,0.0,0.0,0.0,0.0,0.0,66.0,53.0,59.0,52.0,43.0,207.0,220.0,214.0,221.0,230.0,0.0,0.0,0.0,0.0,0.0,0.0,0.0,0.0,0.0,0.0,0.0,0.0,0.0,0.0,0.0,0.0,0.0,0.0,0.0,0.0,0.9346534653465347,0.9423286180631121,0.9459706959706959,0.9452631578947368,0.9450127877237852,0.944696767298958,0.9426186750130412,0.9415460256760448,0.9418879831711806,0.9420800805842358,"{'cls__criterion': 'entropy', 'cls__max_depth': 8, 'cls__max_features': 'log2', 'cls__n_estimators': 200, 'cls__random_state': 42}",rf,none,simple,none,none,0.0
944.0,866.0,1033.0,898.0,739.0,3536.0,3614.0,3447.0,3582.0,3741.0,0.0,0.0,0.0,0.0,0.0,0.0,0.0,0.0,0.0,0.0,66.0,53.0,59.0,52.0,43.0,207.0,220.0,211.0,220.0,227.0,0.0,0.0,0.0,0.0,0.0,0.0,0.0,3.0,1.0,3.0,0.0,0.0,0.0,0.0,0.0,0.0,0.0,0.027649769585253458,0.00900900900900901,0.02575107296137339,0.9346534653465347,0.9423286180631121,0.9459706959706959,0.9452631578947368,0.9450127877237852,0.944696767298958,0.9426186750130412,0.9423654739142311,0.9421509334735735,0.9428355577940065,"{'cls__criterion': 'entropy', 'cls__max_depth': 10, 'cls__max_features': 'log2', 'cls__n_estimators': 100, 'cls__random_state': 42}",rf,none,simple,none,none,0.0
944.0,866.0,1033.0,898.0,739.0,3536.0,3614.0,3447.0,3582.0,3741.0,0.0,0.0,0.0,0.0,0.0,0.0,0.0,0.0,0.0,0.0,66.0,53.0,59.0,52.0,43.0,207.0,220.0,213.0,221.0,230.0,0.0,0.0,0.0,0.0,0.0,0.0,0.0,1.0,0.0,0.0,0.0,0.0,0.0,0.0,0.0,0.0,0.0,0.009302325581395347,0.0,0.0,0.9346534653465347,0.9423286180631121,0.9459706959706959,0.9452631578947368,0.9450127877237852,0.944696767298958,0.9426186750130412,0.9418191750887736,0.9418879831711806,0.9420800805842358,"{'cls__criterion': 'entropy', 'cls__max_depth': 10, 'cls__max_features': 'log2', 'cls__n_estimators': 200, 'cls__random_state': 42}",rf,none,simple,none,none,0.0
944.0,866.0,1033.0,898.0,739.0,3536.0,3614.0,3447.0,3582.0,3741.0,0.0,0.0,0.0,0.0,0.0,0.0,0.0,0.0,0.0,0.0,66.0,53.0,59.0,52.0,43.0,207.0,220.0,214.0,221.0,230.0,0.0,0.0,0.0,0.0,0.0,0.0,0.0,0.0,0.0,0.0,0.0,0.0,0.0,0.0,0.0,0.0,0.0,0.0,0.0,0.0,0.9346534653465347,0.9423286180631121,0.9459706959706959,0.9452631578947368,0.9450127877237852,0.944696767298958,0.9426186750130412,0.9415460256760448,0.9418879831711806,0.9420800805842358,"{'cls__algorithm': 'SAMME.R', 'cls__learning_rate': 0.1, 'cls__n_estimators': 100, 'cls__random_state': 42}",ada,none,simple,none,none,0.0
944.0,866.0,1033.0,898.0,739.0,3536.0,3614.0,3447.0,3582.0,3741.0,0.0,0.0,0.0,0.0,0.0,0.0,0.0,0.0,0.0,0.0,66.0,53.0,59.0,52.0,43.0,207.0,220.0,214.0,221.0,230.0,0.0,0.0,0.0,0.0,0.0,0.0,0.0,0.0,0.0,0.0,0.0,0.0,0.0,0.0,0.0,0.0,0.0,0.0,0.0,0.0,0.9346534653465347,0.9423286180631121,0.9459706959706959,0.9452631578947368,0.9450127877237852,0.944696767298958,0.9426186750130412,0.9415460256760448,0.9418879831711806,0.9420800805842358,"{'cls__hidden_layer_sizes': (100, 100, 100), 'cls__learning_rate': 'adaptive', 'cls__learning_rate_init': 0.001, 'cls__max_iter': 1000, 'cls__n_iter_no_change': 5, 'cls__random_state': 42}",mlp,none,simple,none,none,0.0
